_id,customerID,locationID,locationName,pinCode,city,address,GSTIN,mappedTo
67ea521da198ac0a89b96dfc,1001,ST-1001,Aakash Medicines Private Limited,122016,Gurugram,"PLOT NO. 803, UDYOG VIHAR, PHASE-VGURUGRAM  (blank) (blank)",06AAYCA7048R1ZL,HRKLOGIB2B
67ea521da198ac0a89b96dfd,1002,ST-1001,Aditya Birla Fashion And Retail Limited,636004,Salem,"5 ROADS JUNCTION-SALEM, Aditya Birla Fashion & Retail LTD. No-19/2,(Ward-M,Block-9,Meyyanur village,5 Roads, Opp Reliance Mall (blank)",33AAECP2371C1ZW,HRKLOGIB2B
67ea521da198ac0a89b96dfe,1002,ST-1002,Aditya Birla Fashion And Retail Limited,635109,Hosur,"89/6 Opp. Tnhb Colony, Hosur Tamil Nadu (blank) (blank)",33AAECP2371C1ZW,HRKLOGIB2B
67ea521da198ac0a89b96dff,1002,ST-1003,Aditya Birla Fashion And Retail Limited,500062,Hyderabad,"A S RAO NAGAR - HYDERABAD, GF, FF, SF, Plot No A-10, Survey No 500 Kapra, Medchal, nearby Pai International, A. S. Rao Nagar, ,Hyderabad, (blank)",36AAECP2371C1ZQ,HRKLOGIB2B
67ea521da198ac0a89b96e00,1002,ST-1004,Aditya Birla Fashion And Retail Limited,560076,Bengaluru,"Abfrl, Survey No. 63 Hulimavu, Bbmp, Bengaluru Karnataka (blank) (blank)",29AAECP2371C1ZL,HRKLOGIB2B
67ea521da198ac0a89b96e01,1002,ST-1005,Aditya Birla Fashion And Retail Limited,627002,Tirunelveli,"ANNAI PLAZA-TIRUNELVELI, Aditya Birla Fashion & Retail LTD. Pantaloons Pfrl, Annai Plaza 10E/1, 10E/1A ,Tirunelveli Tamil Nadu (blank)",33AAECP2371C1ZW,HRKLOGIB2B
67ea521da198ac0a89b96e02,1002,ST-1006,Aditya Birla Fashion And Retail Limited,711102,Kolkata,"AVANI RIVERSIDE MALL-KOLKATA PLOT NO 32,,AVANI RIVERSIDE MALL, JAGAT BANERJI GHAT ROAD HOWR,West Bengal (blank)",19AAECP2371C1ZM,HRKLOGIB2B
67ea521da198ac0a89b96e03,1002,ST-1007,Aditya Birla Fashion And Retail Limited,500086,Hyderabad,"BANDLAGUDA-HYDERABAD, Aditya Birla Fashion & Retail LTD. No19,Ganghamguda village,Bandlaguda Jagir, ,opposite Reliance Trends (blank)",36AAECP2371C1ZQ,HRKLOGIB2B
67ea521da198ac0a89b96e04,1002,ST-1008,Aditya Birla Fashion And Retail Limited,641001,Coimbatore,"BROOKFIELDS PLAZA-COIMBATORE, Aditya Birla Fashion & Retail LTD. Pantaloons Brookfields Plaza 67-71 Krishnaswamy Road ,Coimbatore Tamil Nadu (blank)",33AAECP2371C1ZW,HRKLOGIB2B
67ea521da198ac0a89b96e05,1002,ST-1009,Aditya Birla Fashion And Retail Limited,600044,Chennai,"CHROMEPET-CHENNAI, Aditya Birla Fashion & Retail LTD. Pantaloons, 407/7, Gst Road, Chromepet,,Chennai Tamil Nadu (blank)",33AAECP2371C1ZW,HRKLOGIB2B
67ea521da198ac0a89b96e06,1002,ST-1010,Aditya Birla Fashion And Retail Limited,575003,Mangaluru,"CITY CENTRE MALL-MANGALURU, Aditya Birla Fashion & Retail LTD. Pantaloons City Centre Mall, K S Rao Road Hampanakatta Mangaluru ,Karnataka (blank)",29AAECP2371C1ZL,HRKLOGIB2B
67ea521da198ac0a89b96e07,1002,ST-1011,Aditya Birla Fashion And Retail Limited,700136,Kolkata,"CITY CENTRE-KOLKATA PANTALOON, CITY CENTRE NEW TOWN,,PLOT No AA-IID/5, AA-IID, J.L NO-11, NOAPARA (blank) (blank)",19AAECP2371C1ZM,HRKLOGIB2B
67ea521da198ac0a89b96e08,1002,ST-1012,Aditya Birla Fashion And Retail Limited,560001,Bengaluru,"COMMERCIAL STREET - BENGA, LGF And UGF & FF, Municipal 15, Commercial Street, Jewellers St, opposite to Krishniah Chetty & Sons, Shivaji Nagar (blank)",29AAECP2371C1ZL,HRKLOGIB2B
67ea521da198ac0a89b96e09,1002,ST-1013,Aditya Birla Fashion And Retail Limited,560037,Bengaluru,"Cosmos Mall, Diagonally Opp Brook Bond Hall, Graphite Industrial Area, Brookfield, Whitefield, (blank) (blank)",29AAECP2371C1ZL,HRKLOGIB2B
67ea521da198ac0a89b96e0a,1002,ST-1014,Aditya Birla Fashion And Retail Limited,110032,New Delhi,"CROSS RIVER MALL-DELHI PLOT NO 9B & 9C,,CROSS RIVER MALL CENTRAL BUSINESS DISTRICT, SHAHDA (blank) (blank)",07AAECP2371C1ZR,HRKLOGIB2B
67ea521da198ac0a89b96e0b,1002,ST-1015,Aditya Birla Fashion And Retail Limited,781006,Guwahati,"D T TOWER-GUWAHATI D T TOWER,,G S ROAD,DISPUR. GUWAHATI (blank) (blank)",18AAECP2371C1ZO,HRKLOGIB2B
67ea521da198ac0a89b96e0c,1002,ST-1016,Aditya Birla Fashion And Retail Limited,834001,Ranchi,"EASTERN MALL-RANCHI PANTALOON, EASTERN MALL, CIRCULAR ROAD,,NEAR DANGRATOLI CHOWK, RANCHI (blank) (blank)",20AAECP2371C1Z3,HRKLOGIB2B
67ea521da198ac0a89b96e0d,1002,ST-1017,Aditya Birla Fashion And Retail Limited,160017,CHANDIGARH,"Elante Mall-Chandigarh Plot No. 178-178A,,Industrial Area Phase1,Chandigarh (blank) (blank)",04AAECP2371C1ZX,HRKLOGIB2B
67ea521da198ac0a89b96e0e,1002,ST-1018,Aditya Birla Fashion And Retail Limited,560077,Bengaluru,"ELEMENTS MALL-BENGALURU, Elements Mall, Thanisandra Main Rd, near by MS Ramaiah North City, MS Ramaiah North City, Manayata Tech Park, Nagavara, (blank)",29AAECP2371C1ZL,HRKLOGIB2B
67ea521da198ac0a89b96e0f,1002,ST-1019,Aditya Birla Fashion And Retail Limited,600014,Chennai,"EXPRESS AVENUE MALL-CHENNAI, Aditya Birla Fashion & Retail LTD. Pantaloons Express Avenue Mall,Lgf-Whites Road Royapettah,Kukatpally,Chennai (blank)",33AAECP2371C1ZW,HRKLOGIB2B
67ea521da198ac0a89b96e10,1002,ST-1020,Aditya Birla Fashion And Retail Limited,560066,Bengaluru,"FORUM NEIGHBOURHOOD, Pantaloons, Forum neighborhood mall, Whitefield,,Bangalore (blank) (blank)",29AAECP2371C1ZL,HRKLOGIB2B
67ea521da198ac0a89b96e11,1002,ST-1021,Aditya Birla Fashion And Retail Limited,500072,Hyderabad,"FORUM SUJANA MALL-HYDERABAD, Aditya Birla Fashion & Retail LTD. Pantaloons Forumsujana Mal,Grndflor,Unt1-5,Site F16 Surve-1009,Kphp,6Th Phes,Kukatpally Hyderabad Telangana",36AAECP2371C1ZQ,HRKLOGIB2B
67ea521da198ac0a89b96e12,1002,ST-1022,Aditya Birla Fashion And Retail Limited,201009,Noida,"GAUR CITY MALL - NOIDA , Lower Grand Floors, ,Gaur City 1, Sector 4, Uttar Pradesh - 201009 (blank) (blank)",09AAECP2371C1ZN,HRKLOGIB2B
67ea521da198ac0a89b96e13,1002,ST-1023,Aditya Birla Fashion And Retail Limited,403803,South Goa,"GF & FF ,Prabhus Emerlad, Plot No. 13/4-A Dabolim Village, Marmugao, Zuari Main Road, Dabolim, Vasco da Gama, Goa,Goa (blank)",30AAECP2371C1Z2,HRKLOGIB2B
67ea521da198ac0a89b96e14,1002,ST-1024,Aditya Birla Fashion And Retail Limited,,,  ,,HRKLOGIB2B
67ea521da198ac0a89b96e15,1002,ST-1025,Aditya Birla Fashion And Retail Limited,560100,Bengaluru,"GF & FF, Sy No.153/1, Doddathogur, Begur HobliElectronic city phase 1, Bengaluru (blank) (blank)",29AAECP2371C1ZL,HRKLOGIB2B
67ea521da198ac0a89b96e16,1002,ST-1026,Aditya Birla Fashion And Retail Limited,560023,Bengaluru,"Gf, Lulu Global Mall, Lulu Global Mall, Lulu International Shopping Bengaluru Karnataka (blank) (blank)",29AAECP2371C1ZL,HRKLOGIB2B
67ea521da198ac0a89b96e17,1002,ST-1027,Aditya Birla Fashion And Retail Limited,201301,Noida,"GREAT INDIA PLACE-NOIDA GREAT INDIA PLACE,,PLOT NO A-2, SECTOR 38A NOIDA (blank) (blank)",09AAECP2371C1ZN,HRKLOGIB2B
67ea521da198ac0a89b96e18,1002,ST-1028,Aditya Birla Fashion And Retail Limited,560023,Bengaluru,"GT Mall, UGF, #92, Maghadi Main Road, Next to Prasanna Theatre, Bengaluru,Bengaluru (blank) (blank)",29AAECP2371C1ZL,HRKLOGIB2B
67ea521da198ac0a89b96e19,1002,ST-1029,Aditya Birla Fashion And Retail Limited,506001,Warangal,"HANAMKONDA - WARANGAL ,Fox Hills,H.No 1-8-591,,Nakkalagutta Hanamkonda, Warangal, Telangana Dt WA (blank) (blank)",36AAECP2371C1ZQ,HRKLOGIB2B
67ea521da198ac0a89b96e1a,1002,ST-1030,Aditya Birla Fashion And Retail Limited,500070,Hyderabad,"HASTINAPURAM-HYDERABAD, Shop No 59/k, Old Survey No 59, Junction, near Hastinapooram, Padmavathi Nagar, Saroor Nagar, Mandal, Kharmanghat",36AAECP2371C1ZQ,HRKLOGIB2B
67ea521da198ac0a89b96e1b,1002,ST-1031,Aditya Birla Fashion And Retail Limited,500081,Hyderabad,"INORBIT MALL MADHAPUR-HYDERABAD, Aditya Birla Fashion & Retail LTD. Pantaloons 1St Floor,Inorbit Mall Opp Durgam Cheruvu,Madhapur Hyderabad (blank)",36AAECP2371C1ZQ,HRKLOGIB2B
67ea521da198ac0a89b96e1c,1002,ST-1032,Aditya Birla Fashion And Retail Limited,221001,Varanasi,"IP VIJAYA MALL-VARANASI -IP VIJAYA MALL-VARANASI ABFRL, IP VIJAYA MALL, Bhelupur (blank) (blank)",09AAECP2371C1ZN,HRKLOGIB2B
67ea521da198ac0a89b96e1d,1002,ST-1033,Aditya Birla Fashion And Retail Limited,560072,Bengaluru,"Jeevan Krishna - No. 610,80 ft. Road, Vinayaka Layout, Nagarbhavi, 2nd Stage, ,Bengaluru, Karnataka (blank) (blank)",29AAECP2371C1ZL,HRKLOGIB2B
67ea521da198ac0a89b96e1e,1002,ST-1034,Aditya Birla Fashion And Retail Limited,560084,Bengaluru,"KAMMANAHALLI - BENGALURU, GF & FF, SNR Square, 4/1, Kammanahalli Main Rd, near to Trends, Sena Vihar, Kalyan Nagar (blank)",29AAECP2371C1ZL,HRKLOGIB2B
67ea521da198ac0a89b96e1f,1002,ST-1035,Aditya Birla Fashion And Retail Limited,517501,TIRUPATI,"KARAKAMBADI RD-TIRUPATI Aditya Birla Fashion & Retail LTD. D.No:22-20/A, 1/B, 1/C, Servey No.11/2B/2A2, Karakambadi Road, Srinagar Colony, Akkarampalli,TIRUPATI",37AAECP2371C1ZO,HRKLOGIB2B
67ea521da198ac0a89b96e20,1002,ST-1036,Aditya Birla Fashion And Retail Limited,500067,Hyderabad,"KOMPALLY-HYDERABAD, Aditya Birla Fashion & Retail LTD. Pantaloons, Gf, Ff, Sf, Plot No. 01-057/4/1, Surevy No. 11 Part Hyderabad Telangana (blank)",36AAECP2371C1ZQ,HRKLOGIB2B
67ea521da198ac0a89b96e21,1002,ST-1037,Aditya Birla Fashion And Retail Limited,500035,Hyderabad,"KOTHAPET-HYDERABAD, No 11-13, 196/5/A & 11-13-196/5/B, beside Ozone Hospital, Saroornagar, Kothapet,,Hyderabad, Telangana (blank)",36AAECP2371C1ZQ,HRKLOGIB2B
67ea521da198ac0a89b96e22,1002,ST-1038,Aditya Birla Fashion And Retail Limited,400706,Mumbai,"L&T Mall, Plot R1, Sector 40, Seawoods Railway station, Nerul Node, Navi Mumbai,Navi Mumbai (blank) (blank)",27AAECP2371C1ZP,HRKLOGIB2B
67ea521da198ac0a89b96e23,1002,ST-1039,Aditya Birla Fashion And Retail Limited,500082,Hyderabad,"L&T PANJAGUTTA-HYDERABAD, Aditya Birla Fashion & Retail LTD. Pantaloons Abfrl, L&T Panjagutta Mall, Ward No. 89, Block E, Govt. Quarters Hyderabad (blank)",36AAECP2371C1ZQ,HRKLOGIB2B
67ea521da198ac0a89b96e24,1002,ST-1040,Aditya Birla Fashion And Retail Limited,793001,SHILLONG,"LAITUMKHRAH-SHILLONG PFRL,LAITUMKHRAH GF,FF & SECOND FLOOR ,JOWAI ROAD LAITUMKHRAH SHILLONG,Megalaya (blank) (blank)",17AAECP2371C1ZQ,HRKLOGIB2B
67ea521da198ac0a89b96e25,1002,ST-1041,Aditya Birla Fashion And Retail Limited,530022,Visakhapatnam,"LANSUMSQUARE-VISAKHAPATNAM, Aditya Birla Fashion & Retail LTD. Pantaloons, Lansum Square, Survey No. 30/3E/1, Ambedkar Colony, Isukathota junction, Maddilapalem, Vishakhapatnam",37AAECP2371C1ZO,HRKLOGIB2B
67ea521da198ac0a89b96e26,1002,ST-1042,Aditya Birla Fashion And Retail Limited,380009,Ahmedabad,"LAW GARDEN-AHMEDABAD ABHIJIT-III & IV,,NEAR MAYUR BANGLOW,LAW GARDEN, AHMEDABAD,Gu (blank) (blank)",24AAECP2371C1ZV,HRKLOGIB2B
67ea521da198ac0a89b96e27,1002,ST-1043,Aditya Birla Fashion And Retail Limited,737101,Gangtok,"LIBING GRAND-GANGTOK PFRL, ,Libing Grand Beside Star theatre GANGTOK,Sikkim (blank) (blank)",11AAECP2371C1Z2,HRKLOGIB2B
67ea521da198ac0a89b96e28,1002,ST-1044,Aditya Birla Fashion And Retail Limited,201301,Noida,"LOGIX CITY CENTRE-NOIDA LOGIX CITY CENTRE,,GF, BW-58, SECTOR- 32 NOIDA (blank) (blank)",09AAECP2371C1ZN,HRKLOGIB2B
67ea521da198ac0a89b96e29,1002,ST-1045,Aditya Birla Fashion And Retail Limited,695029,Thiruvananthapuram,"LULU MALL-TRIVANDRUM, Aditya Birla Fashion & Retail LTD. Pantaloons, Ff, Lulu Mall, Tc 91/270, Akkulam,Anayara Post, Trivandrum (blank)",32AAECP2371C1ZY,HRKLOGIB2B
67ea521da198ac0a89b96e2a,1002,ST-1046,Aditya Birla Fashion And Retail Limited,560092,Bengaluru,"-MALL OF ASIA-BENGALURU, Pantaloons store, 239/240, Byatarayanapura, Yelahanka, Hobli Yelahanka Taluk, Bellary Rd (blank)",29AAECP2371C1ZL,HRKLOGIB2B
67ea521da198ac0a89b96e2b,1002,ST-1047,Aditya Birla Fashion And Retail Limited,201301,Noida,"MALL OF INDIA-GREATER NOIDA PFRL, FF & SF, Mall of India, Plot No. M-03 sector-18 (blank) (blank)",09AAECP2371C1ZN,HRKLOGIB2B
67ea521da198ac0a89b96e2c,1002,ST-1048,Aditya Birla Fashion And Retail Limited,560069,Bengaluru,"MANTRI JUNCTION JP NAGAR-BENGALURU, Aditya Birla Fashion & Retail LTD. No 45/1and 45/2, 45th cross, JP Nagar 2nd phase Bengaluru,Bengaluru (blank)",29AAECP2371C1ZL,HRKLOGIB2B
67ea521da198ac0a89b96e2d,1002,ST-1049,Aditya Birla Fashion And Retail Limited,560003,Bengaluru,"Mantri Mall, Malleshwaram, Sampiege Road Bangalore,Bangalore (blank) (blank)",29AAECP2371C1ZL,HRKLOGIB2B
67ea521da198ac0a89b96e2e,1002,ST-1050,Aditya Birla Fashion And Retail Limited,603103,Chennai,"MARINA MALL-CHENNAI, Aditya Birla Fashion & Retail LTD. Pantaloons, Shop No. G011 & S214, 13/1A, Egattur,Chennai, Tamil Nadu (blank)",33AAECP2371C1ZW,HRKLOGIB2B
67ea521da198ac0a89b96e2f,1002,ST-1051,Aditya Birla Fashion And Retail Limited,400070,Mumbai,"Mumbai-Phoenix Market City Kurla Kaveri Estate , L B S Road, Kurla(W) Mumbai,Mumbai (blank) (blank)",27AAECP2371C1ZP,HRKLOGIB2B
67ea521da198ac0a89b96e30,1002,ST-1052,Aditya Birla Fashion And Retail Limited,575001,Mangaluru,"NEXUS FIZA MALL-MANGALURU, Pantaloons, Dno.19-8-446/14,15,16,17, 23,24,29,30,31,32 & 41(1), 1st flr Fiza, Mangalore,Mangalore (blank)",29AAECP2371C1ZL,HRKLOGIB2B
67ea521da198ac0a89b96e31,1002,ST-1053,Aditya Birla Fashion And Retail Limited,560061,Bengaluru,"No 13, Uttrahallai Main Road Subramanyapura Post, Bengaluru Bengaluru Karnataka (blank) (blank)",29AAECP2371C1ZL,HRKLOGIB2B
67ea521da198ac0a89b96e32,1002,ST-1054,Aditya Birla Fashion And Retail Limited,201308,Greater Noida,"OCP Noida, Omaxe Connaught Place, ,Beta-2, Greater Noida (blank) (blank)",09AAECP2371C1ZN,HRKLOGIB2B
67ea521da198ac0a89b96e33,1002,ST-1055,Aditya Birla Fashion And Retail Limited,700054,Kolkata,"ORCHID POINT,3/1A,UPENDRA CHANDRA, BANERJEE ROAD,CIT ROAD, KAKURGUCHI, West Bengal,Kolkata (blank) (blank)",19AAECP2371C1ZM,HRKLOGIB2B
67ea521da198ac0a89b96e34,1002,ST-1056,Aditya Birla Fashion And Retail Limited,560055,Bengaluru,"ORION GATEWAY MALL - BENG, UGF, 07 & 08, Orion Gateway Mall, Dr Rajkumar Rd, near to World Trade Center, Rajajinagar (blank)",29AAECP2371C1ZL,HRKLOGIB2B
67ea521da198ac0a89b96e35,1002,ST-1057,Aditya Birla Fashion And Retail Limited,403601,Goa,"OSIA MALL-MADGAO ABFRL, ,Osia Commercial Arcade G-Wing, MADGAO,Goa (blank) (blank)",30AAECP2371C1Z2,HRKLOGIB2B
67ea521da198ac0a89b96e36,1002,ST-1058,Aditya Birla Fashion And Retail Limited,600042,Chennai,"PHOENIX MARKETCITY-CHENNAI, Aditya Birla Fashion & Retail LTD. Pantaloons Phoenix Market City, No.142,Velachery, Velachery Main Road,Chennai (blank)",33AAECP2371C1ZW,HRKLOGIB2B
67ea521da198ac0a89b96e37,1002,ST-1059,Aditya Birla Fashion And Retail Limited,520010,Vijayawada,"PVP MALL-VIJAYAWADA, GF & FF, Door, PVP Square Mall, 39-1-57, MG Rd, inside the PVP Square Mall, Moghalrajpuram, Labbipet,,Vijayawada (blank)",37AAECP2371C1ZO,HRKLOGIB2B
67ea521da198ac0a89b96e38,1002,ST-1060,Aditya Birla Fashion And Retail Limited,400086,Mumbai,"R CITY GHATKOPAR-MUMBAI ABFRL,,R City Mall, F18C LBS Marg MUMBAI (blank) (blank)",27AAECP2371C1ZP,HRKLOGIB2B
67ea521da198ac0a89b96e39,1002,ST-1061,Aditya Birla Fashion And Retail Limited,560032,Bengaluru,"RT NAGAR - BENGALURU, Ward No 34, Plot No 178, 98, next to HDFC Bank, Matadahalli, Krishnappa Block, RT Nagar,  (blank)",29AAECP2371C1ZL,HRKLOGIB2B
67ea521da198ac0a89b96e3a,1002,ST-1062,Aditya Birla Fashion And Retail Limited,751009,Bhubaneswar,"SAHEED NAGAR-BHUBANESHWAR PLOT NO A/B,,SAHEED NAGAR,JANAPATH BHUBANESWAR (blank) (blank)",21AAECP2371C1Z1,HRKLOGIB2B
67ea521da198ac0a89b96e3b,1002,ST-1063,Aditya Birla Fashion And Retail Limited,700091,Kolkata,#NAME?,19AAECP2371C1ZM,HRKLOGIB2B
67ea521da198ac0a89b96e3c,1002,ST-1064,Aditya Birla Fashion And Retail Limited,500084,Telangana,"SARATH CITY MALL-HYDERABAD, Aditya Birla Fashion & Retail LTD. Pantaloons Pfrl, Sarath City Capital Mall Sarath Palace, Survey No. 40,,Hyderabad (blank)",36AAECP2371C1ZQ,HRKLOGIB2B
67ea521da198ac0a89b96e3d,1002,ST-1065,Aditya Birla Fashion And Retail Limited,560097,Bengaluru,"SHREE NIVAS - VIDYARANYAPURA ,GF, Mezz,FF & SF, Khata No.661/6, plot705, Vidyaranyapura Main Road, BEL Layout,  (blank)",29AAECP2371C1ZL,HRKLOGIB2B
67ea521da198ac0a89b96e3e,1002,ST-1066,Aditya Birla Fashion And Retail Limited,700068,Kolkata,"SOUTH CITY-KOLKATA SOUTH CITY PROJECTS (KOLKATA) LIMITED 375,,PRINCE ANWAR SHAH ROAD,Kolkata (blank) (blank)",19AAECP2371C1ZM,HRKLOGIB2B
67ea521da198ac0a89b96e3f,1002,ST-1067,Aditya Birla Fashion And Retail Limited,452001,Indore,"TREAURE ISLAND-INDORE PFRL,,Treasure Island Mall 11 Tukogunj INDORE,Madhya Pradesh (blank) (blank)",23AAECP2371C1ZX,HRKLOGIB2B
67ea521da198ac0a89b96e40,1002,ST-1068,Aditya Birla Fashion And Retail Limited,520008,Vijayawada,"TRENDSET MALL-VIJAYAWADA, Aditya Birla Fashion & Retail LTD. Pantaloons, Gf, Trendset Mall, D. No: 40-1-56, Benz Circle, M.G.Road, V Vijayawada (blank)",37AAECP2371C1ZO,HRKLOGIB2B
67ea521da198ac0a89b96e41,1002,ST-1069,Aditya Birla Fashion And Retail Limited,560064,Bengaluru,"Ugf, No 1Ug, 2Ug Thanisandra Main Road, Bengaluru Bengaluru Karnataka (blank) (blank)",29AAECP2371C1ZL,HRKLOGIB2B
67ea521da198ac0a89b96e42,1002,ST-1070,Aditya Birla Fashion And Retail Limited,400053,Mumbai,"Unit No. 262-263, II floor, Link Road, Oshiwara, Andheri W, Mumbai,Mumbai (blank) (blank)",27AAECP2371C1ZP,HRKLOGIB2B
67ea521da198ac0a89b96e43,1002,ST-1071,Aditya Birla Fashion And Retail Limited,211001,Allahabad,"VINAYAK CITY CENTRE-ALLAHABAD VINAYAK CITY CENTER,,48/24 , SARDAR PATEL MARG.,CIVIL LINES, ALLAHABAD (blank) (blank)",09AAECP2371C1ZN,HRKLOGIB2B
67ea521da198ac0a89b96e44,1002,ST-1072,Aditya Birla Fashion And Retail Limited,208001,Kanpur,"VIP ROAD-KANPUR RAVE MULTIPLEX COMPLEX,,VIP ROAD,TILAK NAGAR, KANPUR (blank) (blank)",09AAECP2371C1ZN,HRKLOGIB2B
67ea521da198ac0a89b96e45,1002,ST-1073,Aditya Birla Fashion And Retail Limited,600040,Chennai,"VR MALL-CHENNAI, Aditya Birla Fashion & Retail LTD. Pantaloons, Vr Mall, #44, Pillaiyar Koil Street, J N Rd,,Chennai Tamil Nadu (blank)",33AAECP2371C1ZW,HRKLOGIB2B
67ea521da198ac0a89b96e46,1002,ST-1074,Aditya Birla Fashion And Retail Limited,560048,Bengaluru,"Whitefield Road-Market City, Pheonix Market City, Opp BBMP Office, Whitefield Road, (blank) (blank)",29AAECP2371C1ZL,HRKLOGIB2B
67ea521da198ac0a89b96e47,1003,ST-1001,Akab Healthcare Private Limited,122002,Gurugram,"Office Space no.-2, Chimes Tower, 2nd Floor, DLF Phase-IV, Gurugram,Gurugram, Haryana (blank) (blank)",06AAHCA5289R1ZV,HRKLOGIB2B
67ea521da198ac0a89b96e48,1004,ST-1001,April Moon Retail Private Limited,382475,Ahmedabad,"April Moon Retail Pvt Ltd, Unit No L 43, Terminal 1, Departure SHA FF, Sardar, Vallabhbhai Patel International Aiport,,Ahmedabad (blank)",24AAVCA0211H1Z0,HRKLOGIB2B
67ea521da198ac0a89b96e49,1004,ST-1002,April Moon Retail Private Limited,560300,Bengaluru,"Bangalore, Multi-Brand, Department Store, Terminal-1, Kempegowda International Airport,Bangalore (blank) (blank)",29AAVCA0211H1ZQ,HRKLOGIB2B
67ea521da198ac0a89b96e4a,1005,ST-1001,Avenue E Commerce Limited,452016,Indore,"2nd Floor, IAA0, Khasra no. 391/1 to 8, Dmart Building, kanadia Main Road, Khajrana, Near Bhandari Farms, Indore, Madhya Pradesh, (blank)",23AANCA0090J1ZS,HRKLOGIB2B
67ea521da198ac0a89b96e4b,1005,ST-1002,Avenue E Commerce Limited,411028,Pune,"AAQ0, Handewadi FC New Survey No.22 Hissa No. 5/1/1, AAQ0, Handewadi FC, Centro Project Handewadi Chowk, Pune,Pune, Maharashtra (blank)",27AANCA0090J1ZK,HRKLOGIB2B
67ea521da198ac0a89b96e4c,1005,ST-1003,Avenue E Commerce Limited,440026,Nagpur,"AAS0, Kamptee FC, Municipal House No. 1567, Avenue E Commerce Ltd, Kamptee Road, Ward No. 43, (blank) (blank)",27AANCA0090J1ZK,HRKLOGIB2B
67ea521da198ac0a89b96e4d,1005,ST-1004,Avenue E Commerce Limited,400705,Navi Mumbai,"AAU0, Vashi FC, Warehouse on the Ground Floor, Avenue E Commerce Ltd, Plot no. 4 and Plot no. 84, Sector 19 F of Vashi,  (blank)",27AANCA0090J1ZK,HRKLOGIB2B
67ea521da198ac0a89b96e4e,1005,ST-1005,Avenue E Commerce Limited,390023,Vadodara,"Above DMart, Survery No. 761, Pandya Hotel Road, Sardarnagar, Vadodara, Gujarat,,Vadodara (blank) (blank)",24AANCA0090J1ZQ,HRKLOGIB2B
67ea521da198ac0a89b96e4f,1005,ST-1006,Avenue E Commerce Limited,422003,Nashik,"Adgaon Shivar, Nashik plot no-2 Nashik Maharashtra (blank) (blank)",27AANCA0090J1ZK,HRKLOGIB2B
67ea521da198ac0a89b96e50,1005,ST-1007,Avenue E Commerce Limited,400072,Mumbai,"Andheri FC, Bearing CTS No.662/7. Marwah Industrial Premises Co-op Soc Ltd, Andheri (E), (blank) (blank)",27AANCA0090J1ZK,HRKLOGIB2B
67ea521da198ac0a89b96e51,1005,ST-1008,Avenue E Commerce Limited,521108,Vijayawada,"Avenue E-Commerce Ltd Ganguru FC, (Old) of Ganguru Village, Commercial Building situated, ,Ganguru Village, Andhra Pradesh (blank)",37AANCA0090J1ZJ,HRKLOGIB2B
67ea521da198ac0a89b96e52,1005,ST-1009,Avenue E Commerce Limited,400614,Navi Mumbai,"Belapur FC Avenue E-Commerce Limited 15 CBD Belapur, Belapur, Navi Mumbai,  (blank) (blank)",27AANCA0090J1ZK,HRKLOGIB2B
67ea521da198ac0a89b96e53,1005,ST-1010,Avenue E Commerce Limited,400601,Thane,"Cadbury FC, Thane City, Taluka & District- Thane, Plot No.25 (Part) and 25/1E (Part),  (blank) (blank)",27AANCA0090J1ZK,HRKLOGIB2B
67ea521da198ac0a89b96e54,1005,ST-1011,Avenue E Commerce Limited,400070,Mumbai,"Chunabhatti, Mumbai FC, Plot No 2B Bhandari Industrial, Survey No-267, Hissa No-1, ,CST-13/8, Kasaiwada, Kurla East (blank)",27AANCA0090J1ZK,HRKLOGIB2B
67ea521da198ac0a89b96e55,1005,ST-1012,Avenue E Commerce Limited,560083,Bengaluru,"CK Palya FC Avenue E-Commerce Limited Jigani Hobli, Anekal Taluk, S.No.196/3 situated at Hullahalli Vlg  (blank)",29AANCA0090J1ZG,HRKLOGIB2B
67ea521da198ac0a89b96e56,1005,ST-1013,Avenue E Commerce Limited,560064,Bengaluru,"DAE0,Yelahanka FC, Commercial Bldg at Karnataka Housing Board, DAE0, Avenue E Commerce Ltd, Site No 24, Sector B, 3rd Phase, Yelahanka New Town, BBMP Jurisdiction Bangalore,,Bengaluru Urban",29AANCA0090J1ZG,HRKLOGIB2B
67ea521da198ac0a89b96e57,1005,ST-1014,Avenue E Commerce Limited,421201,Thane,"Dombivali FC Avenue E-Commerce Limited Bhopar Village, Desle Pada, Manpada, Dombivali (E), (blank) (blank)",27AANCA0090J1ZK,HRKLOGIB2B
67ea521da198ac0a89b96e58,1005,ST-1015,Avenue E Commerce Limited,500032,Hyderabad,"Gachibowli FC, Hyderabad Avenue E-Commerce Limited SURVEY NO 133,SLN TERMINUS, BESIDE BOTANICAL GARDEN GACHIBOWLI, HYDERABAD, Telangana (blank)",36AANCA0090J1ZL,HRKLOGIB2B
67ea521da198ac0a89b96e59,1005,ST-1016,Avenue E Commerce Limited,400104,Mumbai,"Goregaon Mumbai FC Avenue E-Commerce Limited Goregaon West, Greater Mumbai Central Mall Nr Manav Kalyan Tower, Goregaon West,  (blank)",27AANCA0090J1ZK,HRKLOGIB2B
67ea521da198ac0a89b96e5a,1005,ST-1017,Avenue E Commerce Limited,462021,Bhopal,"Ground Floor, 4604 - Ayodhya Bypass Road, Dmart Ayodhya bypass, 148/1/3/2, Damkheda Bhopal, Bhopal, (blank) (blank)",23AANCA0090J1ZS,HRKLOGIB2B
67ea521da198ac0a89b96e5b,1005,ST-1018,Avenue E Commerce Limited,122101,Gurugram,"Gurugram FC Avenue E-Commerce Ltd, Gurugram FC, Village-Palra Dmart Building, Commercial Plot No-1 (blank) (blank)",06AANCA0090J1ZO,HRKLOGIB2B
67ea521da198ac0a89b96e5c,1005,ST-1019,Avenue E Commerce Limited,560077,Bengaluru,"Hennur FC Avenue E-Commerce Limited G.Floor Bidarhalli Hobli, Beng Sy. No. 98/3, Sy. No. 98/4,Sy. No. 98/2 Bangalore,  (blank)",29AANCA0090J1ZG,HRKLOGIB2B
67ea521da198ac0a89b96e5d,1005,ST-1020,Avenue E Commerce Limited,560048,Bengaluru,"Hoodi FC ,Bangalore located on Graphic India Road, Doddanekkundi Industrial Area,,Bangalore, (blank) (blank)",29AANCA0090J1ZG,HRKLOGIB2B
67ea521da198ac0a89b96e5e,1005,ST-1021,Avenue E Commerce Limited,395009,Surat,"Jahangirabad FC Avenue E-Commerce Limited. Surat Muncipal Corporation. Jahangirabad Surat Dmart, Dandi Road, Jahangirabad Adajan, Surat, (blank)",24AANCA0090J1ZQ,HRKLOGIB2B
67ea521da198ac0a89b96e5f,1005,ST-1022,Avenue E Commerce Limited,530008,Visakhapatnam,"Kancharapalem FC, Avenue E-Commerce Ltd, Kancharapalem FC, Andhra P, Greater Visakhapatnam, Municipa Surveyno9/1and9/1A, Vizag Visakhapatnam,  (blank)",37AANCA0090J1ZJ,HRKLOGIB2B
67ea521da198ac0a89b96e60,1005,ST-1023,Avenue E Commerce Limited,400042,Mumbai,"Kanjur Marg FC Building No. 2, Mansukh Mills, Off Kanjur Village Road, Opp NITCO Tiles, Kanjur MargE (blank) (blank)",27AANCA0090J1ZK,HRKLOGIB2B
67ea521da198ac0a89b96e61,1005,ST-1024,Avenue E Commerce Limited,500062,Hyderabad,"Khushaiguda FC Avenue E-Commerce Limited No 328 V N Reddy Nagar, Opp Sa Dammaiguda, Khushaiguda, Kapra,  (blank)",36AANCA0090J1ZL,HRKLOGIB2B
67ea521da198ac0a89b96e62,1005,ST-1025,Avenue E Commerce Limited,401107,Mumbai,"Mira Road FC, GR.Flr Survey 141, Hissa 2, Ol, 465, Hatkesh Road, Opp. Dominoz Pizza, Mira Road E (blank) (blank)",27AANCA0090J1ZK,HRKLOGIB2B
67ea521da198ac0a89b96e63,1005,ST-1026,Avenue E Commerce Limited,400080,Mumbai,"Mulund FC Avenue E-Commerce Limited Mulund Goregaon Link Rd, NR to Krishna motors, Nahur W (blank) (blank)",27AANCA0090J1ZK,HRKLOGIB2B
67ea521da198ac0a89b96e64,1005,ST-1027,Avenue E Commerce Limited,382330,Ahmedabad,"Nava Naroda FC Avenue E-Commerce Limited Above DMart, Opp. Satva Party Naroda -Dehgam Road , Dehgam Circle, Nava Naroda, Ahmedabad, G, Gujarat (blank)",24AANCA0090J1ZQ,HRKLOGIB2B
67ea521da198ac0a89b96e65,1005,ST-1028,Avenue E Commerce Limited,410221,Panvel,"Panvel FC Avenue E-Commerce Limited Panvel Highway D-Mart 67,Sajja Palaspe, Mumbai Pune Highway, Panvel, Raigad, Maharashtra,Panvel (blank)",27AANCA0090J1ZK,HRKLOGIB2B
67ea521da198ac0a89b96e66,1005,ST-1029,Avenue E Commerce Limited,501505,Hyderabad,"Pedda Amberpet FC Avenue E-Commerce Limited Survey no. 596, Pedda Amberpet Abdullapurmet Madal, Ranga Reddy, Hyderabad,  (blank)",36AANCA0090J1ZL,HRKLOGIB2B
67ea521da198ac0a89b96e67,1005,ST-1030,Avenue E Commerce Limited,600096,Chennai,"Perungudi FC, Avenue E-Commerce Ltd, Perungudi Chennai FC, No.144, Corporation Road, Chennai, Tamil Nadu (blank)",33AANCA0090J1ZR,HRKLOGIB2B
67ea521da198ac0a89b96e68,1005,ST-1031,Avenue E Commerce Limited,412101,Pune,"Pune Kiwale FC Dehu Road Cantonment Board, Mumbai Bangalore By Pass Road. Kiwale,  (blank) (blank)",27AANCA0090J1ZK,HRKLOGIB2B
67ea521da198ac0a89b96e69,1005,ST-1032,Avenue E Commerce Limited,380058,Sanand,"Sanand FC Avenue E-Commerce Limited Prerna Artika Corner, 100ft Rd Sanand Bypass Road, Sanand, (blank) (blank)",24AANCA0090J1ZQ,HRKLOGIB2B
67ea521da198ac0a89b96e6a,1005,ST-1033,Avenue E Commerce Limited,410206,Panvel,"Taloja FC, ABB0, Taloja Industrial Area, Village Pale Khurd, Panvel, Plot No. K-11, Patalganga, (blank) (blank)",27AANCA0090J1ZK,HRKLOGIB2B
67ea521da198ac0a89b96e6b,1005,ST-1034,Avenue E Commerce Limited,500039,Hyderabad,"UPPAL FC, Bagayath Layout,Uppal Bagayat, Plot No.7&8, Nr. Nagole Metro Station,Hyderabad (blank) (blank)",36AANCA0090J1ZL,HRKLOGIB2B
67ea521da198ac0a89b96e6c,1005,ST-1035,Avenue E Commerce Limited,401208,PALGHAR,"Vasai Waliv FC East Avenue E-Commerce Limited G.Floor Survey No- 38/B, Porti Commercial Building Owned by ASL Vasai, ,Palghar (blank)",27AANCA0090J1ZK,HRKLOGIB2B
67ea521da198ac0a89b96e6d,1005,ST-1036,Avenue E Commerce Limited,412207,Pune,"Wagholi FC, Haveli, Pune Nagar Road, ,Wagholi Ground Floor of the building Haveli, Pune (blank) (blank)",27AANCA0090J1ZK,HRKLOGIB2B
67ea521da198ac0a89b96e6e,1007,ST-1001,Cloudkart Ventures Private Limited,501401,Hyderabad,"CKART HYD IM1 Survey No.45/A/2 (OLD SY No.45), Kandlakoya Village,,Medchal Mandal Dist., Hyderabad, (blank) (blank)",36AAKCC0275A1Z2,HRKLOGIB2B
67ea521da198ac0a89b96e6f,1007,ST-1002,Cloudkart Ventures Private Limited,501401,Hyderabad,"Sy no. 518, 527 , Kistapur Village, opp RDC Concrets, Medchal, (blank) (blank)",36AAKCC0275A1Z2,HRKLOGIB2B
67ea521da198ac0a89b96e70,1008,ST-1001,Deltacma Private Limited,,,  ,,HRKLOGIB2B
67ea521da198ac0a89b96e71,1008,ST-1002,Deltacma Private Limited,,,  ,,HNCRB2B
67ea521da198ac0a89b96e72,1008,ST-1003,Deltacma Private Limited,110096,New Delhi,"Plot Number 427, Integrated Freight Complex, ,Pocket C, IFC, Ghazipur (blank) (blank)",07AAICD3759J1ZA,HNCRB2B
67ea521da198ac0a89b96e73,1010,ST-1001,Ekanek Networks Private Limited-B2B,122506,Farukhnagar,"C/ O Prozo Distribution Private Limited, Tehsil, Khasra No. 174/5,Village Sultanpur, Farukh Nagar, (blank) (blank)",06AAFCE2476C1ZX,HRKLOGIB2B
67ea521da198ac0a89b96e74,1010,ST-1002,Ekanek Networks Private Limited-B2B,201310,Noida,"C/ O Prozo Distribution Private Limited,No. 116C, Ecotech 12 , Gautam budh Nagar Noida (blank) (blank)",09AAFCE2476C1ZR,HRKLOGIB2B
67ea521da198ac0a89b96e75,1010,ST-1003,Ekanek Networks Private Limited-B2B,500076,Hyderabad,"C/o Prozo Distribution Private Limited, Plot No. A-36,, IDA, Nacharam,Hyderabad (blank) (blank)",36AAFCE2476C1ZU,HRKLOGIB2B
67ea521da198ac0a89b96e76,1010,ST-1004,Ekanek Networks Private Limited-B2B,110037,New Delhi,"EKANEK NETWORKS PRIVATE LIMITED,C/O DTDC Warehouse, Khasra No. 27/9, Internal Road,South west Delhi (blank) (blank)",07AAFCE2476C1ZV,HRKLOGIB2B
67ea521da198ac0a89b96e77,1012,ST-1001,Enrich Hair And Skin Solutions Private Limited,421302,Bhiwandi,"360 Degree Supply Chain Management, Block G,RK Logi world, Yewai Road, Bhiwandi Mumbai (blank) (blank)",27AABCE3307L1ZQ,HRKLOGIB2B
67ea521da198ac0a89b96e78,1012,ST-1002,Enrich Hair And Skin Solutions Private Limited,560036,Bengaluru,"KBW warehouse unit 2 Khata no - 450, SY no. 196/3, Kithaganuru, KR Puram  (blank) (blank)",29AABCE3307L1ZM,HRKLOGIB2B
67ea521da198ac0a89b96e79,1013,ST-1001,Flipkart India Private Limited-B2B,563130,Kolar,"171,156,157,10P/18,152,160,161,170,151/2,151/1 150 149 148, and 173, Marasandra village,hurulagere post,Kasaba hobli,malur taluka, Kolar,Kolar (blank)",29AABCF8078M1ZX,HRKLOGIB2B
67ea521da198ac0a89b96e7a,1013,ST-1002,Flipkart India Private Limited-B2B,712249,Hooghly,"Aarna Projects,Situated at Old Delhi Road,,Shimla Mouza,Distt Hoogly (Kolkata) (blank) (blank)",19AABCF8078M1ZY,HRKLOGIB2B
67ea521da198ac0a89b96e7b,1013,ST-1003,Flipkart India Private Limited-B2B,741249,Nadia,"Instakart Services Private Limited, Plot No A1, Haringhata Industrial Park,,Nadia (blank) (blank)",19AABCF8078M1ZY,HRKLOGIB2B
67ea521da198ac0a89b96e7c,1013,ST-1004,Flipkart India Private Limited-B2B,711316,Howrah,"J.L.No-9,55 and 8 ,Mouza-chandipur,Harinarayan chak ,Amraberia,District-Howrah,uluberia Howrah (blank) (blank)",19AABCF8078M1ZY,HRKLOGIB2B
67ea521da198ac0a89b96e7d,1013,ST-1005,Flipkart India Private Limited-B2B,,,  ,,HRKLOGIB2B
67ea521da198ac0a89b96e7e,1013,ST-1006,Flipkart India Private Limited-B2B,122503,Gurugram,"Khasra No. 21//16,21//25,22//20/2,22//21 &25//5/1,24//1, 25//5/2 & 25//6/1,24//9 & 24//10,21//14/2,21//15/2,21//17& 21//18, 25//1,25//2,25//3,25//4,25//7,25//8,25//9/1,25//10/2,26//4 &26//5,25//10/1,26//6/1&26//7/2, 20//17/2",06AABCF8078M1Z5,HRKLOGIB2B
67ea521da198ac0a89b96e7f,1013,ST-1007,Flipkart India Private Limited-B2B,560067,Bengaluru,"No. 42/1 & 43, Kacherakanahalli Village, Jadigenahalli Hobli, Hoskote Taluk (blank) (blank)",29AABCF8078M1ZX,HRKLOGIB2B
67ea521da198ac0a89b96e80,1013,ST-1008,Flipkart India Private Limited-B2B,712250,Hooghly,"Proconnect Supply Chain Solutions Limited, Inside Maa Ambe Warehousing Pvt Ltd, Old Delhi Road (blank) (blank)",19AABCF8078M1ZY,HRKLOGIB2B
67ea521da198ac0a89b96e81,1013,ST-1009,Flipkart India Private Limited-B2B,124103,Farukhnagar,"Rectangle No. 06, Rectangle No. 07, Rectangle No. 08 and Rectangle No. 13, Village- Khalikpur, Tehsil- Badli,District- Jhajjar, FC- Farrukhnagar Jhajjar",06AABCF8078M1Z5,HRKLOGIB2B
67ea521da198ac0a89b96e82,1013,ST-1010,Flipkart India Private Limited-B2B,,,  ,,HRKLOGIB2B
67ea521da198ac0a89b96e83,1013,ST-1011,Flipkart India Private Limited-B2B,562122,Bengaluru,"Sy no 18/2,18/3,18/4 19/1,19/2,19/3,20/1,20/2,20/3,21/2,22/2,23/2,23/3,23/4 Taverekere venkatapura hosakote taluk,nadagudi ,Hubli (blank)",29AABCF8078M1ZX,HRKLOGIB2B
67ea521da198ac0a89b96e84,1013,ST-1012,Flipkart India Private Limited-B2B,501401,Secunderabad,"Sy No 696, Gundlapochampally Village, Medchal Mandal, Ranga Reddy, (blank) (blank)",36AABCF8078M1Z2,HRKLOGIB2B
67ea521da198ac0a89b96e85,1013,ST-1013,Flipkart India Private Limited-B2B,421302,Bhiwandi,"Warehouse Building Nos.,WE-II, Renaissance IntegratedIndustrial Area,,Village Vashere Bhiwandi , (blank) (blank)",27AABCF8078M1Z1,HRKLOGIB2B
67ea521da198ac0a89b96e86,1013,ST-1014,Flipkart India Private Limited-B2B,421101,Bhiwandi,"Warehouse Saidham, G warehouse, At Village - Dohale, Post – Padgha,,Opp Vaishnavdevi Mandir, Taluka (blank) (blank)",27AABCF8078M1Z1,HRKLOGIB2B
67ea521da198ac0a89b96e87,1016,ST-1001,Fsn Brand Marketing Pvt Ltd.,110070,New Delhi,"Ambience Mall, Nelson Mandela Marg, Vasant Kunj, (blank) (blank)",07AACCF5505E1Z1,HRKLOGIB2B
67ea521da198ac0a89b96e88,1016,ST-1002,Fsn Brand Marketing Pvt Ltd.,122002,Gurugram,"Ambience Mall, Nykaa Luxe, G060A, NH 8, DLF Phase 3, Sector 24, (blank) (blank)",06AACCF5505E1Z3,HRKLOGIB2B
67ea521da198ac0a89b96e89,1016,ST-1003,Fsn Brand Marketing Pvt Ltd.,380054,Ahmedabad,"Aplha One Mall, Ground Floor, Unit No G35, Plot No 216, TP Scheme, Near Vastrapur Lake, Vastapur, (blank) (blank)",24AACCF5505E1Z5,HRKLOGIB2B
67ea521da198ac0a89b96e8a,1016,ST-1004,Fsn Brand Marketing Pvt Ltd.,421302,Thane,"B-9, Unit No 21-40, Bhumi World Industrial Park,Pimplas Village, Mumbai Nashik highway, before Kal,Opp Tata Amantra Pimplas Thane Mumbai, (blank)",27AACCF5505E1ZZ,HRKLOGIB2B
67ea521da198ac0a89b96e8b,1016,ST-1005,Fsn Brand Marketing Pvt Ltd.,421302,Thane,"Building No. D5, Indian Corporation Compound, Nashik Highway, Dive-Anjur, Thane (blank) (blank)",27AACCF5505E1ZZ,HRKLOGIB2B
67ea521da198ac0a89b96e8c,1016,ST-1006,Fsn Brand Marketing Pvt Ltd.,421302,Bhiwandi,"C-12 Unit No 17-20, Bhumi World Industrial Park, Pimplas Village, Mumbai Nashik highway, before Kal,Opp Tata Amantra Pimplas Thane (blank)",27AACCF5505E1ZZ,HRKLOGIB2B
67ea521da198ac0a89b96e8d,1016,ST-1007,Fsn Brand Marketing Pvt Ltd.,421302,Bhiwandi,"C-12 Unit No 17-20, Bhumi World Industrial Park,Pimplas Village, Mumbai Nashik highway, before Kal,Opp Tata Amantra Pimplas Thane (blank)",27AACCF5505E1ZZ,HRKLOGIB2B
67ea521da198ac0a89b96e8e,1016,ST-1008,Fsn Brand Marketing Pvt Ltd.,711302,Howrah,"Dag No 507/08/09/11/14/25/26, Sankrali Industrial Park, Bhagwatipur, Dhulagarh, Howrah (blank) (blank)",19AACCF5505E1ZW,HRKLOGIB2B
67ea521da198ac0a89b96e8f,1016,ST-1009,Fsn Brand Marketing Pvt Ltd.,462016,Bhopal,"DB Mall, Unit No G32, Opp. Maharana Pratap Nagar Zone 1, Arera Hills, (blank) (blank)",23AACCF5505E1Z7,HRKLOGIB2B
67ea521da198ac0a89b96e90,1016,ST-1010,Fsn Brand Marketing Pvt Ltd.,,,  ,,HRKLOGIB2B
67ea521da198ac0a89b96e91,1016,ST-1011,Fsn Brand Marketing Pvt Ltd.,751010,Bhubaneswar,"Esplanade Mall, Ground Floor, Shop No UG28, Unit No 32, 7321 Rasulgarh Industrial Estate, (blank) (blank)",21AACCF5505E1ZB,HRKLOGIB2B
67ea521da198ac0a89b96e92,1016,ST-1012,Fsn Brand Marketing Pvt Ltd.,560067,Bengaluru,"Forum Mall, Shop No 21, Shantiniketan, (blank) (blank)",29AACCF5505E1ZV,HRKLOGIB2B
67ea521da198ac0a89b96e93,1016,ST-1013,Fsn Brand Marketing Pvt Ltd.,400064,Mumbai,"G-6 Link Rd, Malad West, Mumbai - 400064 (blank) (blank)",27AACCF5505E1ZZ,HRKLOGIB2B
67ea521da198ac0a89b96e94,1016,ST-1014,Fsn Brand Marketing Pvt Ltd.,122009,Gurugram,"Galleria Mall, SG 03, DLF Galleria Road, Galleria Market, (blank) (blank)",06AACCF5505E1Z3,HRKLOGIB2B
67ea521da198ac0a89b96e95,1016,ST-1015,Fsn Brand Marketing Pvt Ltd.,400013,Mumbai,"High Street Pheonix, G4, Sky Zone, Tulsi Pipe Road, Lower Parel (W), (blank) (blank)",27AACCF5505E1ZZ,HRKLOGIB2B
67ea521da198ac0a89b96e96,1016,ST-1016,Fsn Brand Marketing Pvt Ltd.,400053,Mumbai,"Infinity Mall, Ground Floor, Unit No 14 , New Link Road, Oshiwara, Andheri (W) (blank) (blank)",27AACCF5505E1ZZ,HRKLOGIB2B
67ea521da198ac0a89b96e97,1016,ST-1017,Fsn Brand Marketing Pvt Ltd.,560082,Hyderabad,"L&T Metro Mall, B 16, Pangarjutta Road, Nagarjuna Hills, (blank) (blank)",36AACCF5505E1Z0,HRKLOGIB2B
67ea521da198ac0a89b96e98,1016,ST-1018,Fsn Brand Marketing Pvt Ltd.,560001,Bengaluru,"Lavelle Road, 7, 100 Ft. Ring Road, Near-Regent, (blank) (blank)",29AACCF5505E1ZV,HRKLOGIB2B
67ea521da198ac0a89b96e99,1016,ST-1019,Fsn Brand Marketing Pvt Ltd.,,,  ,,HRKLOGIB2B
67ea521da198ac0a89b96e9a,1016,ST-1020,Fsn Brand Marketing Pvt Ltd.,682024,Kochi,"Lulu International Shopping Mall, Ground Floor, Shop No G71, 34/1000, NH 47, Netaji Nagar, Edapppallly, Ernakulam, (blank)",32AACCF5505E1Z8,HRKLOGIB2B
67ea521da198ac0a89b96e9b,1016,ST-1021,Fsn Brand Marketing Pvt Ltd.,143001,Amritsar,"Mall of Amritsar, Ground Floor, Sultanwind Suburban, G T Road, (blank) (blank)",03AACCF5505E1Z9,HRKLOGIB2B
67ea521da198ac0a89b96e9c,1016,ST-1022,Fsn Brand Marketing Pvt Ltd.,560003,Bengaluru,"Mantri Mall, Shop No, UG 16, Sampige Road, Malleshwaram, (blank) (blank)",29AACCF5505E1ZV,HRKLOGIB2B
67ea521da198ac0a89b96e9d,1016,ST-1023,Fsn Brand Marketing Pvt Ltd.,141012,Ludhiana,"MBD Mall, Ground Floor, Firozepure Road, Housing Board Colony, BRS Nagar, (blank) (blank)",03AACCF5505E1Z9,HRKLOGIB2B
67ea521da198ac0a89b96e9e,1016,ST-1024,Fsn Brand Marketing Pvt Ltd.,400099,Mumbai,"Mumbai Airport-Terminal 2, Chhatrapati Shivaji International Airport (blank) (blank)",27AACCF5505E1ZZ,HRKLOGIB2B
67ea521da198ac0a89b96e9f,1016,ST-1025,Fsn Brand Marketing Pvt Ltd.,110037,New Delhi,"Nykaa - New Delhi- Terminal-3, Indira Gandhi International Airport (blank) (blank)",07AACCF5505E1Z1,HRKLOGIB2B
67ea521da198ac0a89b96ea0,1016,ST-1026,Fsn Brand Marketing Pvt Ltd.,110003,New Delhi,"Nykaa Luxe, 58 B, Khan Market, Rabindra Nagar, (blank) (blank)",07AACCF5505E1Z1,HRKLOGIB2B
67ea521da198ac0a89b96ea1,1016,ST-1027,Fsn Brand Marketing Pvt Ltd.,560038,Bengaluru,"Nykaa Luxe, No. 383, Ground Floor, 100 Feet road, Indiranagar, HAL 2nd Stage, Bangalore - 560038 (blank) (blank)",29AACCF5505E1ZV,HRKLOGIB2B
67ea521da198ac0a89b96ea2,1016,ST-1028,Fsn Brand Marketing Pvt Ltd.,110018,New Delhi,"Nykaa LUXE, Pacfic Mall, Unit No GF - 39 Najafgarh Rd, Tagore Garden, Tilak Nagar New Delhi (blank) (blank)",07AACCF5505E1Z1,HRKLOGIB2B
67ea521da198ac0a89b96ea3,1016,ST-1029,Fsn Brand Marketing Pvt Ltd.,110021,New Delhi,"Nykaa Luxe, The Chanakya, 13A 16D, Tikendrajit Marg, Chanakya Puri, (blank) (blank)",07AACCF5505E1Z1,HRKLOGIB2B
67ea521da198ac0a89b96ea4,1016,ST-1030,Fsn Brand Marketing Pvt Ltd.,500084,Hyderabad,"Nykaa On Trend, Sarath City Capital Mall, UG-105, Gachibowli Miyapur Road, White Field Rd, Kondapur, (blank) (blank)",36AACCF5505E1Z0,HRKLOGIB2B
67ea521da198ac0a89b96ea5,1016,ST-1031,Fsn Brand Marketing Pvt Ltd.,400070,Mumbai,"Pheonix Market City, UG 59, LBS Marg, Kurla (W), (blank) (blank)",27AACCF5505E1ZZ,HRKLOGIB2B
67ea521da198ac0a89b96ea6,1016,ST-1032,Fsn Brand Marketing Pvt Ltd.,110077,New Delhi,"Plot No 319, Village Bharthal, Dwarka Sector 26 (blank) (blank)",07AACCF5505E1Z1,HRKLOGIB2B
67ea521da198ac0a89b96ea7,1016,ST-1033,Fsn Brand Marketing Pvt Ltd.,110077,New Delhi,"Plot No 319, Village Bharthal,,Dwarka Sector 26, (blank) (blank)",07AACCF5505E1Z1,HRKLOGIB2B
67ea521da198ac0a89b96ea8,1016,ST-1034,Fsn Brand Marketing Pvt Ltd.,410501,Pune,"PLOT NO SR NO 380, NEAR OM SAIRAM LOGISTICS, KURULI NIGHOJE ROAD, KURULI- PUNE (blank) (blank)",27AACCF5505E1ZZ,HRKLOGIB2B
67ea521da198ac0a89b96ea9,1016,ST-1035,Fsn Brand Marketing Pvt Ltd.,641035,Coimbatore,"Prozone Mall, Ground Floor, Sivandhapuram, Saravnampatty, (blank) (blank)",33AACCF5505E1Z6,HRKLOGIB2B
67ea521da198ac0a89b96eaa,1016,ST-1036,Fsn Brand Marketing Pvt Ltd.,400707,Navi Mumbai,"Seawoods Grand Central, UG 70, Seawoods Station Road, Sector 40, Nerul, (blank) (blank)",27AACCF5505E1ZZ,HRKLOGIB2B
67ea521da198ac0a89b96eab,1016,ST-1037,Fsn Brand Marketing Pvt Ltd.,562114,Bengaluru,"Survey No 41/1,41/2, Chokkahalli Village, Kasaba Hobli, Hoskote Taluk, Bangalore Rural,Bangalore (blank) (blank)",29AACCF5505E1ZV,HRKLOGIB2B
67ea521da198ac0a89b96eac,1016,ST-1038,Fsn Brand Marketing Pvt Ltd.,400606,Thane,"Thane Store, Ground Floor,Viviana Mall, Thane West , Maharashtra 4000606 (blank) (blank)",27AACCF5505E1ZZ,HRKLOGIB2B
67ea521da198ac0a89b96ead,1016,ST-1039,Fsn Brand Marketing Pvt Ltd.,400052,Mumbai,"THE HAB BY USHA ,OPP SAHIB KHATWARA DARBAR,G-1 NO 444,CORPORATE LOUNGE,ROAD NO 7 KHAR ,BANDRA, LINKING ROAD ,KHAR WEST MUMBAI, MAHARASHTR (blank)",27AACCF5505E1ZZ,HRKLOGIB2B
67ea521da198ac0a89b96eae,1016,ST-1040,Fsn Brand Marketing Pvt Ltd.,452001,Indore,"Treasure Island Mall, Ground Floor, Rabindranath Tagoremrage, Film Colony, (blank) (blank)",23AACCF5505E1Z7,HRKLOGIB2B
67ea521da198ac0a89b96eaf,1016,ST-1041,Fsn Brand Marketing Pvt Ltd.,600042,Chennai,"Unit No. G-31 A, 28, Velachery Rd, Nagendra Nagar, Anna Garden, Velachery, Chennai (blank) (blank)",33AACCF5505E1Z6,HRKLOGIB2B
67ea521da198ac0a89b96eb0,1016,ST-1042,Fsn Brand Marketing Pvt Ltd.,560048,Bengaluru,"V R Mall, Shop No 16, Ground Floor,ITPL Road, Mahadevapura, (blank) (blank)",29AACCF5505E1ZV,HRKLOGIB2B
67ea521da198ac0a89b96eb1,1016,ST-1043,Fsn Brand Marketing Pvt Ltd.,600040,Chennai,"V R Mall, Unit No G47 A, Jawharlal Nehru Road, Anna Nagar (W), (blank) (blank)",33AACCF5505E1Z6,HRKLOGIB2B
67ea521da198ac0a89b96eb2,1016,ST-1044,Fsn Brand Marketing Pvt Ltd.,411007,Pune,"Westend Mall, Ground Floor, Unit No GS-09C, Aundh (blank) (blank)",27AACCF5505E1ZZ,HRKLOGIB2B
67ea521da198ac0a89b96eb3,1016,ST-1045,Fsn Brand Marketing Pvt Ltd.,208001,Kanpur,"Z Sqaure Mall, Ground Floor, Unit No G03, 16/113, Mall Road, Bada Chauraha, Downtown (blank) (blank)",09AACCF5505E1ZX,HRKLOGIB2B
67ea521da198ac0a89b96eb4,1017,ST-1001,Glamoour Book Private Limited,122001,Gurugram,"PLOT NO 22, SECTOR 18, ,ELECTRONIC CITY.INDUSTRIAL ESTATE (blank) (blank)",06AAGCG4945F1ZM,HRKLOGIB2B
67ea521da198ac0a89b96eb5,1018,ST-1001,H & B Stores Limited,201010,Ghaziabad,"5/1, Site IV, Sahibabad Ghaziabad (blank) (blank)",09AABCH8673G1Z9,HRKLOGIB2B
67ea521da198ac0a89b96eb6,1019,ST-1001,Health & Glow Private Limited,700054,Kolkata,"#206, MANIKTALA MAIN ROAD, KADAPARA, ,PHOOL BAGAN, BLOCKA""",19AAACF4045K1ZK,HRKLOGIB2B
67ea521da198ac0a89b96eb7,1019,ST-1002,Health & Glow Private Limited,500084,Hyderabad,"127, 03Rd Floor, Survey Numbers: 38 To 42 & 48 To 53, Skill Promoters Private Limited, Sarath City Capital Mall, Kothaguda Village, Serilingampally Mandalam, Ranga Reddy District, Hyderabad",36AAACF4045K1ZO,HRKLOGIB2B
67ea521da198ac0a89b96eb8,1019,ST-1003,Health & Glow Private Limited,700107,Kolkata,"Acropolis Mall, No 1858/1, Rajdanga Main Road, Sector 1, East Kolkata, (blank) (blank)",19AAACF4045K1ZK,HRKLOGIB2B
67ea521da198ac0a89b96eb9,1019,ST-1004,Health & Glow Private Limited,700157,Kolkata,"City Centre 2, Plot No Iid/5, Biswabagla Sarani, Action Area II ,Action Are Iid, New Town, (blank) (blank)",19AAACF4045K1ZK,HRKLOGIB2B
67ea521da198ac0a89b96eba,1019,ST-1005,Health & Glow Private Limited,560043,Bengaluru,"CMR Layout, 2nd Block, Sena Vihar, Kammanhalli, (blank) (blank)",29AAACF4045K1ZJ,HRKLOGIB2B
67ea521da198ac0a89b96ebb,1019,ST-1006,Health & Glow Private Limited,700055,Kolkata,"DCM Mall, 68 Jeesore Road, Amarpalli, Satgachi, (blank) (blank)",19AAACF4045K1ZK,HRKLOGIB2B
67ea521da198ac0a89b96ebc,1019,ST-1007,Health & Glow Private Limited,560029,Bengaluru,"Forum Mall, No 21, 1st Floor, Hosur Road, Koramangala, (blank) (blank)",29AAACF4045K1ZJ,HRKLOGIB2B
67ea521da198ac0a89b96ebd,1019,ST-1008,Health & Glow Private Limited,560025,Bengaluru,"Garuda Mall, No 216,Magrath Road Ext., 2nd Floor, Com Center, (blank) (blank)",29AAACF4045K1ZJ,HRKLOGIB2B
67ea521da198ac0a89b96ebe,1019,ST-1009,Health & Glow Private Limited,560043,Bengaluru,"HBR Layout, No 717/319, 2nd Floor, Kalyan Nagar, Opp. Banaswadi Club, (blank) (blank)",29AAACF4045K1ZJ,HRKLOGIB2B
67ea521da198ac0a89b96ebf,1019,ST-1010,Health & Glow Private Limited,400013,Mumbai,"High Street Pheonix, No 462, Unit No G25 & 25A, Tulsi Pipe Road, Lower Parel (W), (blank) (blank)",27AAACF4045K1ZN,HRKLOGIB2B
67ea521da198ac0a89b96ec0,1019,ST-1011,Health & Glow Private Limited,560102,Bengaluru,"HSR Layout, No 215, 27th Main Sector 1, Near CCD, (blank) (blank)",29AAACF4045K1ZJ,HRKLOGIB2B
67ea521da198ac0a89b96ec1,1019,ST-1012,Health & Glow Private Limited,400053,Mumbai,"Infinity Mall, Shop No 19, Lower Ground Floor, New Link Road, Mind Space, Malad (W), (blank) (blank)",27AAACF4045K1ZN,HRKLOGIB2B
67ea521da198ac0a89b96ec2,1019,ST-1013,Health & Glow Private Limited,400705,Mumbai,"INORBIT MALL, UNIT NO-G-05,GROUND FLOOR, SECTOR- 30-A,NAVI MUMBAI (blank) (blank)",27AAACF4045K1ZN,HRKLOGIB2B
67ea521da198ac0a89b96ec3,1019,ST-1014,Health & Glow Private Limited,560059,Bengaluru,"No 116, 80 Ft. Road, Koramangala, (blank) (blank)",29AAACF4045K1ZJ,HRKLOGIB2B
67ea521da198ac0a89b96ec4,1019,ST-1015,Health & Glow Private Limited,560038,Bengaluru,"No 3052, 80 Ft. Road, Indra Nagar Ext., (blank) (blank)",29AAACF4045K1ZJ,HRKLOGIB2B
67ea521da198ac0a89b96ec5,1019,ST-1016,Health & Glow Private Limited,560034,Bengaluru,"No.6, 7Th Main, 80 Feet Road, 3 Rd Block, Ward No. 68, Koramangala, Behind Spencer S, Bangalore (blank) (blank)",29AAACF4045K1ZJ,HRKLOGIB2B
67ea521da198ac0a89b96ec6,1019,ST-1017,Health & Glow Private Limited,560054,Bengaluru,"Orion Mall, No 114, 1st Floor, Subramanya Nagar, (blank) (blank)",29AAACF4045K1ZJ,HRKLOGIB2B
67ea521da198ac0a89b96ec7,1019,ST-1018,Health & Glow Private Limited,560048,Bengaluru,"Pheonix Mall, No 61, 1st Floor, Opp. Mahadevpura BBMP Office, White Field, Singayyanapalya, (blank) (blank)",29AAACF4045K1ZJ,HRKLOGIB2B
67ea521da198ac0a89b96ec8,1019,ST-1019,Health & Glow Private Limited,411014,Pune,"Pheonix Market City, Next To Thai Spa, Behind Baker Gauges, Viman Nagar, (blank) (blank)",27AAACF4045K1ZN,HRKLOGIB2B
67ea521da198ac0a89b96ec9,1019,ST-1020,Health & Glow Private Limited,560064,Bengaluru,"RMZ Galleria Mall, 181/898, Ground Floor, Next to Spar Hypermarket, Yelanka, (blank) (blank)",29AAACF4045K1ZJ,HRKLOGIB2B
67ea521da198ac0a89b96eca,1019,ST-1021,Health & Glow Private Limited,560076,Bengaluru,"Royal Meenakshi Mall, Shop No. 63, Bannerghatta Main Rd, Pai Layout, Hulimavu, (blank) (blank)",29AAACF4045K1ZJ,HRKLOGIB2B
67ea521da198ac0a89b96ecb,1019,ST-1022,Health & Glow Private Limited,400080,Mumbai,"Runwal Greens, Shop No G-36, R-Galleria, Mulund Goregoan Link Road, (blank) (blank)",27AAACF4045K1ZN,HRKLOGIB2B
67ea521da198ac0a89b96ecc,1019,ST-1023,Health & Glow Private Limited,400092,Mumbai,"Shop No 2 Deep Jyoti, CHSL KASTUR PARK,,SHIMPOLI ROAD,OPP SATRA PARK BORIVALI WEST (blank) (blank)",27AAACF4045K1ZN,HRKLOGIB2B
67ea521da198ac0a89b96ecd,1019,ST-1024,Health & Glow Private Limited,400608,Mumbai,"SHOP NO.4 AND 5, GROUND FLOOR,AZZIANO I WING, BUILDING RUSTOMJEE URBANIA,MAJIWADE, THANE (West) , (blank) (blank)",27AAACF4045K1ZN,HRKLOGIB2B
67ea521da198ac0a89b96ece,1019,ST-1025,Health & Glow Private Limited,700068,Kolkata,"South City Mall, 375 Prince Anwar Shah Road, South City Complex, Jadavpur, (blank) (blank)",19AAACF4045K1ZK,HRKLOGIB2B
67ea521da198ac0a89b96ecf,1019,ST-1026,Health & Glow Private Limited,410210,Navi Mumbai,"Unit No. 30-31, Ground Floor & First Floor, Patel Heritage, Sector 7, Kharghar, (blank) (blank)",27AAACF4045K1ZN,HRKLOGIB2B
67ea521da198ac0a89b96ed0,1019,ST-1027,Health & Glow Private Limited,411067,Pune,"Westend Mall, 1st Floor, Next To McDonalds, Parihar Chauk, Aundh (blank) (blank)",27AAACF4045K1ZN,HRKLOGIB2B
67ea521da198ac0a89b96ed1,1020,ST-1001,House Of Beauty Private Limited,151101,Bathinda,"Bathinda, Shop No 151 A, Ground Floor, NH 7, Factory Outlets, Near Walmart, Bhucho, (blank) (blank)",03AAECH8390M1Z7,HRKLOGIB2B
67ea521da198ac0a89b96ed2,1020,ST-1002,House Of Beauty Private Limited,122002,Gurugram,"BODDESS SHOP NO G-57, GROUND FLOOR, NH-8, AMBIENCE ISLAND, DLF PHASE 3, SECTOR 24, GURUGRAM, HARYANA (blank) (blank)",06AAECH8390M1Z1,HRKLOGIB2B
67ea521da198ac0a89b96ed3,1020,ST-1003,House Of Beauty Private Limited,,,  ,,HRKLOGIB2B
67ea521da198ac0a89b96ed4,1020,ST-1004,House Of Beauty Private Limited,791111,Itanagar,"Ground Floor, Shop No.1, E-Sector, Opposite Civil Secretariat, Papum Pare, Itanagar ,Itanagar (blank) (blank)",12AAECH8390M1Z8,HRKLOGIB2B
67ea521da198ac0a89b96ed5,1020,ST-1005,House Of Beauty Private Limited,302021,Jaipur,"SHOP NO G-19 , GROUND FLOOR, MALL OF JAIPUR, B BLOCK, GANDHI PATH W, VAISHALI NAGAR JAIPUR, (blank) (blank)",08AAECH8390M1ZX,HRKLOGIB2B
67ea521da198ac0a89b96ed6,1021,ST-1001,Jupiter Kart Private Limited,601101,Chennai,"JUPITER KART PRIVATE LIMITED, Ecom Express Pvt Ltd, No 90, PeriapalayamHigh Road, Kannigaipair Village,,Oothukottai Taluk, Thiruvallur District, Periyapal",33AAFCJ5481L1Z9,HRKLOGIB2B
67ea521da198ac0a89b96ed7,1021,ST-1002,Jupiter Kart Private Limited,641664,Coimbatore,"JUPITER KART PRIVATE LIMITED, SF No 380, 381 near MVS Nagar, Panikampatti PO P,Coimbatore (blank) (blank)",33AAFCJ5481L1Z9,HRKLOGIB2B
67ea521da198ac0a89b96ed8,1022,ST-1001,Kiranakart Technologies Private Limited,562162,Bengaluru,"100/1A,100/1B,100/5,101,102/1,102/2 SITUATED AT ALUR VILLAGE,DASANPURA,HOBL,Bangalore North, Bangalore Urban Bangalore (blank)",29AAICK4821A1ZR,HRKLOGIB2B
67ea521da198ac0a89b96ed9,1022,ST-1002,Kiranakart Technologies Private Limited,562162,Bengaluru,"100/1A,100/1B,100/5,101,102/1,102/2 SITUATED ATALUR VILLAGE, DASANPURA, HOBLI,,Bangalore North, (blank) (blank)",29AAICK4821A1ZR,HRKLOGIB2B
67ea521da198ac0a89b96eda,1022,ST-1003,Kiranakart Technologies Private Limited,600067,Chennai,"117, Sirunium Village, No.48/1A, 92/2, 91/A, 91/1C1, Sholavaram Panchayat, Ponneri Taluk,,Ponneri Taluk, Tamil Nadu (blank)",33AAICK4821A1Z2,HRKLOGIB2B
67ea521da198ac0a89b96edb,1022,ST-1004,Kiranakart Technologies Private Limited,711302,Kolkata,"Daga Complex, Mouza Dhulagarh, ,JL No: 1, Howrah (blank) (blank)",19AAICK4821A1ZS,HRKLOGIB2B
67ea521da198ac0a89b96edc,1022,ST-1005,Kiranakart Technologies Private Limited,711302,Howrah,"Daga Complex, Mouza Dhulagarh, JL No: 1,,Howrah, West Bengal (blank) (blank)",19AAICK4821A1ZS,HRKLOGIB2B
67ea521da198ac0a89b96edd,1022,ST-1006,Kiranakart Technologies Private Limited,122413,Gurugram,"Ecom Express Limited, Hadbast No. 143 Khasra No. 59//3/2, 4, 7, 8, 9, 10,11/3, 12, 13, 14, 17, 18,,Revenue Estate of Pathreri, Distt. Gurgaon, (blank)",06AAICK4821A1ZZ,HRKLOGIB2B
67ea521da198ac0a89b96ede,1022,ST-1007,Kiranakart Technologies Private Limited,412207,Pune,"Future Supply Chain Solutions Ltd ,Balaji Warehousing, Gat No 1284, Ubalenagar,, Near Dhole Patil Engineering College,Wagholi (blank)",27AAICK4821A1ZV,HRKLOGIB2B
67ea521da198ac0a89b96edf,1022,ST-1008,Kiranakart Technologies Private Limited,412216,Pune,"Gate no 425, near krushnamai petrolium,,Katkewadi, Haveli ,Lonikand Pune, (blank) (blank)",27AAICK4821A1ZV,HRKLOGIB2B
67ea521da198ac0a89b96ee0,1022,ST-1009,Kiranakart Technologies Private Limited,562114,Bengaluru,"Ground Floor, Survey No-70/2-7, 71/2-4, 72/1,,Village-Mylapura, Hobli-Jadegenahalli, ,,Bangalore Rural, (blank)",29AAICK4821A1ZR,HRKLOGIB2B
67ea521da198ac0a89b96ee1,1022,ST-1010,Kiranakart Technologies Private Limited,124103,Farukhnagar,"GUR-SS-MH-FARUKHNAGAR Block E,Allcargo Logistics & Industrial Park, Village-Khalikpur,Tehsil – Badli,District –Jhajjar Gurugram ,Farukhnagar (blank)",06AAICK4821A1ZZ,HRKLOGIB2B
67ea521da198ac0a89b96ee2,1022,ST-1011,Kiranakart Technologies Private Limited,421302,Bhiwandi,"H No-180/10 Building AB, Global Complex, ,Opposite Shangrila, Resort, Bhiwandi (blank) (blank)",27AAICK4821A1ZV,HRKLOGIB2B
67ea521da198ac0a89b96ee3,1022,ST-1012,Kiranakart Technologies Private Limited,502336,Medak,"HYD-Mother Warehouse 3, SY No-51,Banda Mailaram Village,,Mulugu Mandal, Medak, Telangana (blank) (blank)",36AAICK4821A1ZW,HRKLOGIB2B
67ea521da198ac0a89b96ee4,1022,ST-1013,Kiranakart Technologies Private Limited,,,  ,,HRKLOGIB2B
67ea521da198ac0a89b96ee5,1022,ST-1014,Kiranakart Technologies Private Limited,560049,Bengaluru,"MH-COLD BLR HOSKOTE Survey No.103, Goravigere Village, Bangalore East, , Bangalore Urban,,Bangalore (blank) (blank)",29AAICK4821A1ZR,HRKLOGIB2B
67ea521da198ac0a89b96ee6,1022,ST-1015,Kiranakart Technologies Private Limited,122505,Gurugram,"MH-COLD GUR MANESAR Khasra No 9/21, 22, 23/2, 24/2 Min, 11/25 Min, Village - Jhund Sarai,Viran,,DTDC Compound (blank)",06AAICK4821A1ZZ,HRKLOGIB2B
67ea521da198ac0a89b96ee7,1022,ST-1016,Kiranakart Technologies Private Limited,560074,Bengaluru,"MH-COLD KENGIRI Survey No 13, Challaghatta village, Kengeri Hobli, ,Bangalore Urban, Bangalore (blank) (blank)",29AAICK4821A1ZR,HRKLOGIB2B
67ea521da198ac0a89b96ee8,1022,ST-1017,Kiranakart Technologies Private Limited,421302,Thane,"MH-COLD MUM-MH4 Building no A19, Gala No 7 to 11, Hari Har ComplexDapode Village, Mankoli Naka,, (blank) (blank)",27AAICK4821A1ZV,HRKLOGIB2B
67ea521da198ac0a89b96ee9,1022,ST-1018,Kiranakart Technologies Private Limited,203207,Noida,"MH-COLD NOD C/O Celcius Logistics Solution Private LimitedKhasra No.3009 to 3015, Back Nandan FarmDhoom Manikpur, Dadri, ,Gautam Budh Nagar (blank)",09AAICK4821A1ZT,HRKLOGIB2B
67ea521da198ac0a89b96eea,1022,ST-1019,Kiranakart Technologies Private Limited,121004,Faridabad,"MH-DRY FBD Apeejay Global Logistic Park Ltd.,23/5 Milestone, Delhi Mathura Road,Ballabhgarh (blank)",06AAICK4821A1ZZ,HRKLOGIB2B
67ea521da198ac0a89b96eeb,1022,ST-1020,Kiranakart Technologies Private Limited,421302,Bhiwandi,"MH-DRY MUM, H No-180/10 Building ABGlobal Complex, Opposite ShangrilaResort (blank) (blank)",27AAICK4821A1ZV,HRKLOGIB2B
67ea521da198ac0a89b96eec,1022,ST-1021,Kiranakart Technologies Private Limited,412208,Pune,"MH-DRY-PUN KOREGAON-2 Gat No 584/1/2 Koregaon Bhima, Shirur,Pune (blank) (blank)",27AAICK4821A1ZV,HRKLOGIB2B
67ea521da198ac0a89b96eed,1022,ST-1022,Kiranakart Technologies Private Limited,562114,Bengaluru,"MH-SS-BLR-HOSKOTE No.126/1, Nidagatta Village, Jadigenahalli Hobli, Hoskote Taluk , Bangalore Rural (blank) (blank)",29AAICK4821A1ZR,HRKLOGIB2B
67ea521da198ac0a89b96eee,1022,ST-1023,Kiranakart Technologies Private Limited,562122,Bengaluru,"MH-SS-BLR-SUMADHURA , Block -D, Sumadhura logisticsPark,11, Hoskote – Chintamani Road,Medreich bus stop,,Nandagudi Hobli,Doddaganahalli, Hoskote (blank)",29AAICK4821A1ZR,HRKLOGIB2B
67ea521da198ac0a89b96eef,1022,ST-1024,Kiranakart Technologies Private Limited,600052,Chennai,"MH-SS-CHN-THIRUVALLUR S N DAMANI ESTATES LLP, S.NO 42&43KARANAI AND MAGARAL VILLAGE THIRUVALLURTALUK, THIRUVALLUR DISTRICT, (blank)",33AAICK4821A1Z2,HRKLOGIB2B
67ea521da198ac0a89b96ef0,1022,ST-1025,Kiranakart Technologies Private Limited,501401,Hyderabad,"MH-SS-HYD KANDLAKOYA-3,,Survey No-129/2 situated at Kandlakoya Village,Medchal, Medchal-Malkajgiri (blank) (blank)",36AAICK4821A1ZW,HRKLOGIB2B
67ea521da198ac0a89b96ef1,1022,ST-1026,Kiranakart Technologies Private Limited,502336,Hyderabad,"MH-SS-HYD-MEDAK Banda Mailaram Village, Sy No. 51, Mulugu Mandal,Banda Mailaram, Medak ,Hyderabad (blank) (blank)",36AAICK4821A1ZW,HRKLOGIB2B
67ea521da198ac0a89b96ef2,1022,ST-1027,Kiranakart Technologies Private Limited,421302,Bhiwandi,"MH-SS-MUM BHIWANDI H.No-1059, Shed no-B1,Padgha Road Near Indian Oil, Talavali Village ,Bhiwandi (blank) (blank)",27AAICK4821A1ZV,HRKLOGIB2B
67ea521da198ac0a89b96ef3,1022,ST-1028,Kiranakart Technologies Private Limited,410206,Panvel,"Post Taloja, Survey No. 102/1, 102/2, 102/3, 102/4, 102/5, 102/6, 102/7, Dhansar, Panvel,RIL Township, Raigad, (blank)",27AAICK4821A1ZV,HRKLOGIB2B
67ea521da198ac0a89b96ef4,1022,ST-1029,Kiranakart Technologies Private Limited,421302,Thane,"R2, Shakti Logistics Park Phase 2, Dohale Village, ,Post Padgha, Bhiwandi, Thane (blank) (blank)",27AAICK4821A1ZV,HRKLOGIB2B
67ea521da198ac0a89b96ef5,1022,ST-1030,Kiranakart Technologies Private Limited,560066,Bengaluru,"SCS-CDC-BENGALURU-WHITEFIELD, A DIVISION OF FUTURE SUPPLY CHAIN SOLUTIONS LTD., OLD SY NO.89/5,NEW SY NO.183,WHITEFIELD,NADAVATHI,KASBA HOBLI,HOSKATE TALUK",29AAICK4821AIZR,HRKLOGIB2B
67ea521da198ac0a89b96ef6,1022,ST-1031,Kiranakart Technologies Private Limited,601206,Chennai,"SHED NO.3/34, BOREX NAGAR, PERAVALLUR VILLAGE,, GNT ROAD,CHINNAMBEDU POST, PONNERI TALUK,,THIRUVALLUR DIST., CHENNAI CORP. WARD - 34 (blank)",33AAICK4821A1Z2,HRKLOGIB2B
67ea521da198ac0a89b96ef7,1022,ST-1032,Kiranakart Technologies Private Limited,110074,New Delhi,"SRT Warehouse Valley, Khasra No 379, Ground Floor,,Band Road,Village Asola, Delhi Contonment, (blank) (blank)",07AAICK4821A1ZX,HRKLOGIB2B
67ea521da198ac0a89b96ef8,1022,ST-1033,Kiranakart Technologies Private Limited,600067,Chennai,"Survey No 181/183/196, Angadu Road, Siruniyam Village,Ponneri Taluk, Thiruvallur District, (blank) (blank)",33AAICK4821A1Z2,HRKLOGIB2B
67ea521da198ac0a89b96ef9,1022,ST-1034,Kiranakart Technologies Private Limited,500014,Hyderabad,"SURVEY NO.685, GUNDLA POCHAMPALLY VILLAGE,MEDCHAL MANDAL,,DISTRICT SECUNDRABAD Hyderabad (blank) (blank)",36AAICK4821A1ZW,HRKLOGIB2B
67ea521da198ac0a89b96efa,1022,ST-1035,Kiranakart Technologies Private Limited,502336,Medak,"SY No-51,Banda Mailaram Village, ,Mulugu Mandal, Medak (blank) (blank)",36AAICK4821A1ZW,HRKLOGIB2B
67ea521da198ac0a89b96efb,1023,ST-1001,Kult App Private Limited,400607,Thane,"Gate No: 59|1 PT, 59/21 & 59/17, Kothari Compound,,Chitalsar Manpada, Thane (blank) (blank)",27AAICK7413N1Z2,HRKLOGIB2B
67ea521da198ac0a89b96efc,1023,ST-1002,Kult App Private Limited,400607,Thane,"KULT_THANE_EDG_DS1, KULT APP PRIVATE LIMITED, Gate No: 59|1 PT, 59/21 & 59/17,,Kothari Compound, Chitalsar Manpada, (blank)",27AAICK7413N1Z2,HRKLOGIB2B
67ea521da198ac0a89b96efd,1023,ST-1003,Kult App Private Limited,400705,Navi Mumbai,"Plot No: D/337, MIDC Industrial Estate,,Turbhe Naka, New Mumbai (blank) (blank)",27AAICK7413N1Z2,HRKLOGIB2B
67ea521da198ac0a89b96efe,1023,ST-1004,Kult App Private Limited,400072,Mumbai,"Samitha Industrial Compound, Gala No: 8A/10,,MTNL Road, Sakinaka (blank) (blank)",27AAICK7413N1Z2,HRKLOGIB2B
67ea521da198ac0a89b96eff,1023,ST-1005,Kult App Private Limited,400051,Mumbai,"Sterling Centre, Basement of Bank of India, ,Opp Cardinal Gracias School, Ali Yavar Road, ,Subhash Nagar, Bandra East (blank)",27AAICK7413N1Z2,HRKLOGIB2B
67ea521da198ac0a89b96f00,1023,ST-1006,Kult App Private Limited,400013,Mumbai,"Unit No 6. New Mahalaxmi Silk Mils Pvt. Ltd,,Mathuradas Mill Compound, Lower Parel, (blank) (blank)",27AAICK7413N1Z2,HRKLOGIB2B
67ea521da198ac0a89b96f01,1025,ST-1001,Manash E-Commerce Private Limited-Online,781035,Guwahati,"1 Bigha 4 Kathas 10 Lechas Dag 1106, Pamohi, P.O Garchuka, Patta No 1106,,Mouza- Ramcharani, Guwahati, Kamrup Metropolitan (blank)",18AARCM7004J1Z3,HRKLOGIB2B
67ea521da198ac0a89b96f02,1025,ST-1002,Manash E-Commerce Private Limited-Online,500037,Hyderabad,"34/3, CIE, Gandhinagar, Opp. IDPL Colony, Balanagar, Rangareddynagar Sub Post Office, Balanagar,,Hyderabad, Medchal Malkajgiri (blank)",36AARCM7004J1Z5,HRKLOGIB2B
67ea521da198ac0a89b96f03,1025,ST-1003,Manash E-Commerce Private Limited-Online,421302,Bhiwandi,"Bldg No. C4, Gala No 7/8, Angel Space Lifestyle Pvt Ltd, Survey No.50, Hissa No.11, Village, Pimplas, Bhiwandi, Thane, Maharashtra,Thane, (blank)",27AARCM7004J1Z4,HRKLOGIB2B
67ea521da198ac0a89b96f04,1025,ST-1004,Manash E-Commerce Private Limited-Online,781035,Guwahati,"Deusotal, Village Mikirpara Chokardoi, Mouza – Ramcharani, Pamohi, P.O Garchuk,Guwahati, Dist. Kamrup (Metro) (blank)",18AARCM7004J1Z3,HRKLOGIB2B
67ea521da198ac0a89b96f05,1025,ST-1005,Manash E-Commerce Private Limited-Online,641658,Coimbatore,"Door No-2/171/D Road/Street: Itchikadu,,Palladam Locality/Sub Locality: Tiruppur,,City/Town/Village: Paruvai, Coimbatore, (blank)",33AARCM7004J1ZB,HRKLOGIB2B
67ea521da198ac0a89b96f06,1025,ST-1006,Manash E-Commerce Private Limited-Online,421311,Bhiwandi,"Gala No. 7/8, Building No. C4, Angel Logistics Park, Off Mumbai-Agra Highway, Village Pimplas,Landmark: Opposite Bhumi World, ,Next to Cipla and Abbott Warehouse.",27AARCM7004J1Z4,HRKLOGIB2B
67ea521da198ac0a89b96f07,1025,ST-1007,Manash E-Commerce Private Limited-Online,421311,Bhiwandi,"Gala No. 7/8, Building No. C4, Angel Logistics Park, Off Mumbai-Agra Highway,,Village Pimplas, Taluka Bhiwandi,Opposite Bhumi World, Next to Cipla and Abbott War",27AARCM7004J1Z4,HRKLOGIB2B
67ea521da198ac0a89b96f08,1025,ST-1008,Manash E-Commerce Private Limited-Online,,,  ,,HRKLOGIB2B
67ea521da198ac0a89b96f09,1025,ST-1009,Manash E-Commerce Private Limited-Online,226401,Lucknow,"Khasra No 645, Sarojini Nagar, Banthra Shivpura ,,Lucknow (blank) (blank)",09AARCM7004J1Z2,HRKLOGIB2B
67ea521da198ac0a89b96f0a,1025,ST-1010,Manash E-Commerce Private Limited-Online,800009,Patna,"Khata - 167, Khesra -1617, Name Of Premises/Building: PO- Marchi,,,P.S - by Pass, Road/Street: Marchi near Dharmshal ,More, Patna, Bihar (blank)",10AARCM7004J1ZJ,HRKLOGIB2B
67ea521da198ac0a89b96f0b,1025,ST-1011,Manash E-Commerce Private Limited-Online,122506,Gurugram,"Khewat no.345/360, Satbir Logistics Park, Khentawas,,Tehsil, Farukhnagar,Gurgaon, (blank) (blank)",06AARCM7004J1Z8,HRKLOGIB2B
67ea521da198ac0a89b96f0c,1025,ST-1012,Manash E-Commerce Private Limited-Online,122506,Gurugram,"Khewat No-345/360, Satbir Logistic Park, Khentawas Tehsil - Farukh Nagar, ,Gurugram (blank) (blank)",06AARCM7004J1Z8,HRKLOGIB2B
67ea521da198ac0a89b96f0d,1025,ST-1013,Manash E-Commerce Private Limited-Online,711313,Kolkata,"Plot no 153/154/155/156, Sankrail Logistics Park,Village Bhagabatipur, NH6, Howrah (blank) (blank)",19AARCM7004J1Z1,HRKLOGIB2B
67ea521da198ac0a89b96f0e,1025,ST-1014,Manash E-Commerce Private Limited-Online,711313,Kolkata,"Plot no. 153,154,155 & 156, Sankrail Logistics Park, Village Bhagabatipur, NH6, Howrah,,Kolkata (blank) (blank)",19AARCM7004J1Z1,HRKLOGIB2B
67ea521da198ac0a89b96f0f,1025,ST-1015,Manash E-Commerce Private Limited-Online,752055,Khordha,"Plot No. B1A,B2-B5 Road/Street: FOOD PROCESSING PARK Nearby Landmark:Khurda Industrial Estate,Khordha District (blank)",21AARCM7004J1ZG,HRKLOGIB2B
67ea521da198ac0a89b96f10,1025,ST-1016,Manash E-Commerce Private Limited-Online,141116,Ludhiana,"R K WAREHOUSE, Godown No.104 Guru Gobind Singh Marg ,Alamgir, (blank) (blank)",03AARCM7004J1ZE,HRKLOGIB2B
67ea521da198ac0a89b96f11,1025,ST-1017,Manash E-Commerce Private Limited-Online,521108,Vijayawada,"R.S.No.169/2, D.No.13-101 Name Of Premises/Building: Enikepadu,,Road/Street: Anand Motors road, (blank) (blank)",37AARCM7004J1Z3,HRKLOGIB2B
67ea521da198ac0a89b96f12,1025,ST-1018,Manash E-Commerce Private Limited-Online,683544,Kochi,"Re-Sy. Nos. 69/12, 61/13,61/11, 61/9, 69/10, 69/9, 71/3, 71/2, Block No. 9 of Koovappady Village, Bearing Panchayat No 17/405 D-E & 17/407 A-B,,Koovappady, Ernakulam, Kochi",32AARCM7004J1ZD,HRKLOGIB2B
67ea521da198ac0a89b96f13,1025,ST-1019,Manash E-Commerce Private Limited-Online,683544,Kochi,"Scinntc Supply Chain Solutions Private Limited, Pooppani Road Pappanpady, (blank) Koovappady(Village),Kunnathunad(Taluk),Ernakulam(District ), Kerala(State),",32AARCM7004J1ZD,HRKLOGIB2B
67ea521da198ac0a89b96f14,1025,ST-1020,Manash E-Commerce Private Limited-Online,600067,Chennai,"SF Logistics Pvt Ltd, Survey Nos.26/3, 27/1, 27/2, 28/1, 28/2, 28/3, 28/4 and 28/5 situated at Alinjivakkam Village, Ponneri Taluk, Periyapalyam Road (Tirupathi road), Off NH16 (GNT Road), near Janapanchatram Koot Road Junction,,Sholavaram Block",33AARCM7004J1ZB,HRKLOGIB2B
67ea521da198ac0a89b96f15,1025,ST-1021,Manash E-Commerce Private Limited-Online,,,  ,,HRKLOGIB2B
67ea521da198ac0a89b96f16,1025,ST-1022,Manash E-Commerce Private Limited-Online,562123,Bengaluru,"Survey 3/2 measuring 1 acre 30 Guntas, Survey 3/1 measuring 10 Guntas Srvy 3/1 mdrng 23 3/4 Guntas, Thonachinakuppe ,Village, Kasaba Hobli, Nelamangala Taluk,",29AARCM7004J1Z0,HRKLOGIB2B
67ea521da198ac0a89b96f17,1025,ST-1023,Manash E-Commerce Private Limited-Online,562123,Bengaluru,"Thonachinakuppe Village, Kasaba Hobli, Nelamangala Taluk, Bangalore Rural District,Bangalore (blank) (blank)",29AARCM7004J1Z0,HRKLOGIB2B
67ea521da198ac0a89b96f18,1027,ST-1001,Moksh Enterprises Private Limited,560067,Bengaluru,"ECOM EXPRESS LIMITED 2/3, 3/1, 3/2, 21/1, 21/3, Ekarajapura Village,,Sulibele Hobli, Hosakote Taluk, Bangalore Rural Di (blank)",29AAPCM0407K1Z7,HRKLOGIB2B
67ea521da198ac0a89b96f19,1027,ST-1003,Moksh Enterprises Private Limited,562114,Bengaluru,"Survey no 95/2 and 4/1 Anugondanahalli village,Hoskote taluk,Bangalore rural,Bangalore,Karnataka (blank) (blank)",29AAPCM0407K1Z7,HRKLOGIB2B
67ea521da198ac0a89b96f1a,1028,ST-1001,Moonstone Ventures Llp,382213,Ahmedabad,"Ashwika-4, Survey No 95, Behind,Bharat Benz, Off Changodar-Bavla,Highway (NH 8A)Village: Vasna,Chacharvadi, Sanand, Sanand ",24AACFY8913A1ZE,HRKLOGIB2B
67ea521da198ac0a89b96f1b,1028,ST-1002,Moonstone Ventures Llp,453771,Indore,"16/3/E, 16/3/F, 16/3/G, Warehouse no. 16/3/A, 16/3/B, 16/3/C, 16/3/D, situated at Plot no.16, Empire Logipark, Commercial Colony,,Village Baroda Arjun, Tehsil Sanver",23AACFY8913A1ZG,HRKLOGIB2B
67ea521da198ac0a89b96f1c,1028,ST-1003,Moonstone Ventures Llp,700113,North 24 Paragans,"Kalyani Expressway, Mohispota Ps near Muragachha, Crossing Ghola, ,Deshpriya Nagar, West bengal, Bandipur, ,North Twenty Four Parganas ",19AACFY8913A1Z5,HNCRB2B
67ea521da198ac0a89b96f1d,1028,ST-1004,Moonstone Ventures Llp,421306,Ambernath,"Survey No: 122/1, 122/2, 123, 124 / 128/1, 128/4 ,128/5, 133/4 Building – B-08-A ESR Taloja – Industrial logistic park Village – Usatane,,Khoni Taloja Road, Taluka, Ambernath",27AACFY8913A1Z8,HRKLOGIB2B
67ea521da198ac0a89b96f1e,1028,ST-1005,Moonstone Ventures Llp,602105,Sriperumbudur,"Survey No 91/1B2, Chettipedu Industrial Estate, Mevalur Kuppam Village,SIPCOT Industrial Park Sriprumbudur, Kancheepuram,Sriperumbudur ",33AACFY8913A1ZF,HNCRB2B
67ea521da198ac0a89b96f1f,1028,ST-1006,Moonstone Ventures Llp,382213,Ahmedabad,"No 3, Survey No 295 Panchratna Industrial Area, Sarkhej Bawla Highway, Village Changodar,,Gallops Industrial Park, ",24AACFY8913A1ZE,HRKLOGIB2B
67ea521da198ac0a89b96f20,1028,ST-1007,Moonstone Ventures Llp,403722,Goa,"Plot No. M 50-54, Phase IIIB, Verna Industrial Estate, Central Warehouse,,ICD Verna Goa, Chicalim, South Goa, Goa ",30AACFY8913A1ZL,HNCRB2B
67ea521da198ac0a89b96f21,1028,ST-1008,Moonstone Ventures Llp,562114,Bengaluru,"Sumadhura Logistics Park,11, Chinthamani - Hoskote Road, Doddenahalli,Village, Nandagudi, Hobli,  ",29AACFY8913A1Z4,HRKLOGIB2B
67ea521da198ac0a89b96f22,1028,ST-1009,Moonstone Ventures Llp,394315,Surat,"Khasra No, Block No. 64(A), Bhagyashree Logistics, B/H. Makhinga Police Check Post, Jana Makhinga, ,Near Palsana Chokdi, Palsana, ",24AACFY8913A1ZE,HRKLOGIB2B
67ea521da198ac0a89b96f23,1028,ST-1010,Moonstone Ventures Llp,441501,Nagpur,"Khasra No.126/3/1, Mouza - Ketapar, NH 547E, Kalmeshwar - Gondkhairi Road,Tah - Kalmeshwar, Dist.  ",27AACFY8913A1Z8,HBLRB2B
67ea521da198ac0a89b96f24,1028,ST-1011,Moonstone Ventures Llp,834010,Ranchi,"Plot no 678 and khata no 63 near jora mandir,678 and khata no 63 near jora mandir NH 33 Ranchi, post khijari ",20AACFY8913A1ZM,HRKLOGIB2B
67ea521da198ac0a89b96f25,1028,ST-1012,Moonstone Ventures Llp,641402,Coimbatore,"Survey Nos. 186/2A, 192/1A, 2, ,3 4, 193/1, 2A, 3A, 194/2D, 2E and 197/2 of Appanaickenpati Vilage,,Sulur Taluk, Coimbatore District ",33AACFY8913A1ZF,HNCRB2B
67ea521da198ac0a89b96f26,1028,ST-1013,Moonstone Ventures Llp,441501,Nagpur,"Khasra No.126/3/1, Mouza - Ketapar, NH 547E, Kalmeshwar - Gondkhairi Road,Tah - Kalmeshwar,,Nagpur  ",27AACFY8913A1Z8,HNCRB2B
67ea521da198ac0a89b96f27,1028,ST-1014,Moonstone Ventures Llp,531173,Visakhapatnam,"Land 8, UDL Gurrampalem, APIIC Gurrampalem,Visakhapatnam  ",37AACFY8913A1Z7,HRKLOGIB2B
67ea521da198ac0a89b96f28,1028,ST-1015,Moonstone Ventures Llp,800009,Patna,"VS LOGISTICS PARK located at Sabalpur,Deedarganj, Near Patna Samastipur Overbridge  ",10AACFY8913A1ZN,HBLRB2B
67ea521da198ac0a89b96f29,1028,ST-1016,Moonstone Ventures Llp,781017,Guwahati,"Khasra No. [Dag. No. 1066, Patta No. 34, Revenue Village - Mikipara Chakardoi, Mouza-Ramcharani under Azara Revenue Circle, Kamrup (Metro), Guwahati],Kamrup Metropolitan District, Assam",18AACFY8913A1Z7,HBLRB2B
67ea521da198ac0a89b96f2a,1028,ST-1017,Moonstone Ventures Llp,752054,Bhubaneswar,"Plot No. 922/2815, Mouza-Giringaput, PO-Mendhasala,Khordha, Bhubaneswar  ",21AACFY8913A1ZK,HBLRB2B
67ea521da198ac0a89b96f2b,1028,ST-1018,Moonstone Ventures Llp,500101,Hyderabad,"Survey Nos. 664 & 665, Lalgadi Malakpet Village, Shameerpet Mandal, Ranga Reddy District,,Medchal-Malkajgiri District ",36AACFY8913A1Z9,HRKLOGIB2B
67ea521da198ac0a89b96f2c,1028,ST-1019,Moonstone Ventures Llp,600052,Chennai,"Survey. No. 55/1A2A2, Popular Auto Parts, Poochi Athipattu Village,,Uthukottai Taluk,Chennai, Tiruvallur ",33AACFY8913A1ZF,HBLRB2B
67ea521da198ac0a89b96f2d,1028,ST-1020,Moonstone Ventures Llp,410506,Pune,"Gat no 106/2, Village Sate, Taluka Maval,,Sathewasti, Pune  ",27AACFY8913A1Z8,HBLRB2B
67ea521da198ac0a89b96f2e,1028,ST-1021,Moonstone Ventures Llp,501401,Hyderabad,"Survey No 712/B 715A and 716, Devar Yamjal Village , Shamirpet Mandal Medchal,,Hyderabad, Medchal Malkajgiri ",36AACFY8913A1Z9,HBLRB2B
67ea521da198ac0a89b96f2f,1028,ST-1022,Moonstone Ventures Llp,562106,Bengaluru,"Sy. No. 89P,90,91,92P,93P,94P, 95P,96P,100P,101,102P, and 103P, ,Iggalur Village, , Attibele Hobli, Anekal Taluk, ",29AACFY8913A1Z4,HBLRB2B
67ea521da198ac0a89b96f30,1028,ST-1023,Moonstone Ventures Llp,421302,Bhiwandi,"HOT Mumbai M9 Ecom - Feeder Ratan Logistics Hub Building No. RB1,Amane, Bhiwandi  ",27AACFY8913A1Z8,HNCRB2B
67ea521da198ac0a89b96f31,1028,ST-1024,Moonstone Ventures Llp,712306,Hooghly,"Hands on Trades Private Limited, Village-Panchghara, Para – Maniktala, P.S. –Chanditala,,P.O – Panchghara Bazar, District-Hooghly ",19AACFY8913A1Z5,HRKLOGIB2B
67ea521da198ac0a89b96f32,1031,ST-1001,Myntra Jabong India Private Limited - B2B,421302,Bhiwandi,"Delhivery Pvt. Ltd. Plot No. A5 Indian Corporation Warehouse Park Village Dive-anjur,Bhiwandi, Off Nh-3, Near Mankoli Naka,District Thane (blank)",27AAACQ3774A1ZN,HRKLOGIB2B
67ea521da198ac0a89b96f33,1031,ST-1002,Myntra Jabong India Private Limited - B2B,122413,Gurugram,"Embassy Industrial Park, Village Pathredi Taoru Road, (blank) (blank)",06AAACQ3774A1ZR,HRKLOGIB2B
67ea521da198ac0a89b96f34,1031,ST-1003,Myntra Jabong India Private Limited - B2B,122413,Gurugram,"Embassy Industrial Park,Village Pathredi ,Taoru Road,Gurgaon (blank) (blank)",06AAACQ3774A1ZR,HRKLOGIB2B
67ea521da198ac0a89b96f35,1031,ST-1004,Myntra Jabong India Private Limited - B2B,122413,Gurugram,"Khasra No. 14//6,7,13,14,15,17,18,23,24,2516//1,2,9,10,1112 /1,17//3,4,5,6,7,8,11/2,12,13,14,15, Village Binola, Tehsil Manesar (blank)",06AAACQ3774A1ZR,HRKLOGIB2B
67ea521da198ac0a89b96f36,1031,ST-1005,Myntra Jabong India Private Limited - B2B,421101,Bhiwandi,"Ksquare Industrial Park, Warehouse 4, Before Padgha Toll Naka, Nashik-Mumbai Highway, Near Pushkar Mela Hotel Rahul Narkhede, Padgha-Bhiwandi (blank)",27AAACQ3774A1ZN,HRKLOGIB2B
67ea521da198ac0a89b96f37,1031,ST-1006,Myntra Jabong India Private Limited - B2B,,,  ,,HRKLOGIB2B
67ea521da198ac0a89b96f38,1031,ST-1007,Myntra Jabong India Private Limited - B2B,560067,Bengaluru,"Survey Numbers 231, 232 and 233,Soukya Road, Samethanahalli Village, Anugondanahalli Hobli, Hoskote Taluk (blank)",29AAACQ3774A2ZI,HRKLOGIB2B
67ea521da198ac0a89b96f39,1032,ST-1001,Nykaa E- Retail Limited,421302,Bhiwandi,"02 Building no B-7, Gala No1 2, 3A, 3B,4 5,6 and 7, Shree Raj Rajeshwari Logistics Park,behind Loda Dham,near H.P Petrol Pump,Mumbai- Nasik Highway, (blank)",27AAFCN5072P1ZV,HRKLOGIB2B
67ea521da198ac0a89b96f3a,1032,ST-1002,Nykaa E- Retail Limited,421302,Bhiwandi,"B-9 Unit No. 21-40, Bhumi World Industrial Park,,Pimplas Village, Mumbai-Nashik Highway Before,Kalyan Bhiwandi Naka, Opp. Tata Amantra Pimplas",27AAFCN5072P1ZV,HRKLOGIB2B
67ea521da198ac0a89b96f3b,1032,ST-1003,Nykaa E- Retail Limited,382220,Ahmedabad,"D6 and D7, GALLOP INDUSTRIAL PARK,Vill-Rajode Tal-Bavla, (blank) (blank)",24AAFCN5072P1Z1,HRKLOGIB2B
67ea521da198ac0a89b96f3c,1032,ST-1004,Nykaa E- Retail Limited,410501,Pune,"Gat No. 650 P 651 P, Village Moi, Nighoje road Moi, Kuruli, Taluka khed,,Near Shree Multispeciality Hospital, Chakan, Pune (blank)",27AAFCN5072P1ZV,HRKLOGIB2B
67ea521da198ac0a89b96f3d,1032,ST-1005,Nykaa E- Retail Limited,122105,Mewat,"Kharsa No 11/16, 24, 25/1,25/2,26,12/11/2 min, 20/,Tehsil Tauru, Dist. Mewat,Mewat (blank) (blank)",06AAFCN5072P1ZZ,HRKLOGIB2B
67ea521da198ac0a89b96f3e,1032,ST-1006,Nykaa E- Retail Limited,226401,Lucknow,"Khasara No. 276,277,295, Junab Ganj - Mohan Lal Ganj Road,,Dhawapur Khasarwara, (blank) (blank)",09AAFCN5072P1ZT,HRKLOGIB2B
67ea521da198ac0a89b96f3f,1032,ST-1007,Nykaa E- Retail Limited,110038,New Delhi,"Khasra no, 1226 Rajokari village,South West Delhi, (blank) (blank)",07AAFCN5072P1ZX,HRKLOGIB2B
67ea521da198ac0a89b96f40,1032,ST-1008,Nykaa E- Retail Limited,140401,Patiala,"Khasra No. 305,307 Indoswift Logistics, Nh-1,,Village Baprour, Patiala,,patiyala (blank) (blank)",03AAFCN5072P1Z5,HRKLOGIB2B
67ea521da198ac0a89b96f41,1032,ST-1009,Nykaa E- Retail Limited,781122,Guwahati,"NEAR KAMRUP THANDA GHAR,PALASHBARI,ARHAM,WAREHOUSING COMPOUND,UPARHALLI,DHARAPUR ROAD,UPARHALLI,MAUZA RAMPUR,BIJOY NAGAR,GUWAHAT,KAMRUP METROPOLITIAN",18AAFCN5072P1ZU,HRKLOGIB2B
67ea521da198ac0a89b96f42,1032,ST-1010,Nykaa E- Retail Limited,500078,Hyderabad,"Nykaa E-Retail Limited,30.24.732/2/A.31.29, Devarymjal village, ,SHAMITPET MANDAL,MEDCHAL DISTRICT, (blank) (blank)",36AAFCN5072P1ZW,HRKLOGIB2B
67ea521da198ac0a89b96f43,1032,ST-1011,Nykaa E- Retail Limited,804451,Patna,"Plot No - 1748 & 1725 Mauja Lakhana Survey Thana - Masaur, Present Police station - Gaurichak, ,P.0  Kansari Beldarich, Kansari (blank)",10AAFCN5072P1ZA,HRKLOGIB2B
67ea521da198ac0a89b96f44,1032,ST-1012,Nykaa E- Retail Limited,110077,New Delhi,"Plot No 319, Village Bharthal,Dwarka Sector 26, (blank) (blank)",07AAFCN5072P1ZX,HRKLOGIB2B
67ea521da198ac0a89b96f45,1032,ST-1013,Nykaa E- Retail Limited,711302,Howrah,"Sankrail Industrial Park DAG No. 507,508,509,511,514,525,526- Bhagwatipur Dhulagarh (blank) (blank)",19AAFCN5072P1ZS,HRKLOGIB2B
67ea521da198ac0a89b96f46,1032,ST-1014,Nykaa E- Retail Limited,711302,Howrah,"Sankrail Industrial Park, DAG NO 498, ,Bhagwatipur, Dhulagarh,-Howrah,Next to Agility warehouse (blank) (blank)",19AAFCN5072P1ZS,HRKLOGIB2B
67ea521da198ac0a89b96f47,1032,ST-1015,Nykaa E- Retail Limited,602002,Tiruvallur,"SH 57, VILLAGE NO 104, POLIVAKKAM SATHARAM, ,RIPERUMBUDUR HIGH ROAD, (blank) (blank)",33AAFCN5072P1Z2,HRKLOGIB2B
67ea521da198ac0a89b96f48,1032,ST-1016,Nykaa E- Retail Limited,562114,Bengaluru,"Survey No 41/1,41/2, Chokkahalli Village, Kasaba Hobli Hoskote Taluk, Bangalore Rural (blank) (blank)",29AAFCN5072P1ZR,HRKLOGIB2B
67ea521da198ac0a89b96f49,1032,ST-1017,Nykaa E- Retail Limited,563130,Bengaluru,"Survey No. 149/1, 149/2, 241/2, Ramasandra Hobli, Narasapura Taluk,Malur Industrial Area Kolar, (blank) (blank)",29AAFCN5072P1ZR,HRKLOGIB2B
67ea521da198ac0a89b96f4a,1032,ST-1018,Nykaa E- Retail Limited,453771,Indore,"Warehouse No 113A 113B 113C 113D Empire logipark colony,Village Barode Arjun Tehsil Sawar Mangalya (blank) (blank)",23AAFCN5072P1Z3,HRKLOGIB2B
67ea521da198ac0a89b96f4b,1032,ST-1019,Nykaa E- Retail Limited,421302,Bhiwandi,"Warehouse No D-5, Indian corporation compound, Opp Dive Petrol Pump, Mankoli Bhiwandi,Thane (blank) (blank)",27AAFCN5072P1ZV,HRKLOGIB2B
67ea521da198ac0a89b96f4c,1033,ST-1001,Octavos Enterprise Solutions Pvt Ltd-Smytten,382427,Ahmedabad,"OCTAVOS ENTERPRISE SOLUTIONS PVT LTD, S N 537P, BLOCK NO 575 & 579P, M., CHANDULAL ESTATE, BESIDE GOPINATH ESTATE, OPP. EKA HOTELS, N H 8,,,ASLALI, (blank)",24AADCO2555N1Z8,HRKLOGIB2B
67ea521da198ac0a89b96f4d,1033,ST-1002,Octavos Enterprise Solutions Pvt Ltd-Smytten,122503,Gurugram,"Rect. No. 9, Killa/Khasra No. 11/2, Sanpka,Gurugram, Pataudi, Gurugram (blank) (blank)",06AADCO2555N1Z6,HRKLOGIB2B
67ea521da198ac0a89b96f4e,1033,ST-1003,Octavos Enterprise Solutions Pvt Ltd-Smytten,,,  ,,HRKLOGIB2B
67ea521da198ac0a89b96f4f,1034,ST-1001,Pjtj Technologies Private Limited,140601,Mohali,"A V Logistics 255-358 Village Basman,Tehsil Banu,Punjab (blank) (blank)",03AAJCP6431C1ZT,HRKLOGIB2B
67ea521da198ac0a89b96f50,1034,ST-1002,Pjtj Technologies Private Limited,711302,Kolkata,"Ecom Express Warehouse, Dhulagarh Sulati, West Bengal (blank) (blank)",19AAJCP6431C1ZG,HRKLOGIB2B
67ea521da198ac0a89b96f51,1034,ST-1003,Pjtj Technologies Private Limited,,,  ,,HRKLOGIB2B
67ea521da198ac0a89b96f52,1034,ST-1004,Pjtj Technologies Private Limited,226008,Lucknow,"KH NO-543.544,537,540 VILL NATKUR BIJNOR ROAD,, SAROJINI NAGAR Lucknow (blank) (blank)",09AAJCP6431C2ZG,HRKLOGIB2B
67ea521da198ac0a89b96f53,1034,ST-1005,Pjtj Technologies Private Limited,122103,Gurugram,"PJTJ Delhivery Warehouse Khasara No. 143/8, 9,11,12,13,14/1, 14/2/1/, 18,19,20,21,Village Bohra Kalan Gurgaon, (blank)",06AAJCP6431C1ZN,HRKLOGIB2B
67ea521da198ac0a89b96f54,1036,ST-1001,Reliance Retail Limited-Online,421302,Bhiwandi,"Building No E 1 Plinth/Gala No 1 To 3, At Sagar Complex Owali,,Bhiwandi Bypass Road At Owali Vlg,Thane (blank)",27AABCR1718E1ZP,HRKLOGIB2B
67ea521da198ac0a89b96f55,1036,ST-1002,Reliance Retail Limited-Online,421302,Bhiwandi,"MAYASHREE LOGISTIC CENTER, GROUND FLOOR,SHOP NO. 01 TO 11, S.NO. 117/4,,MUMBAI NASHIK HIGHWAY, NEAR BHAMI WORLD,,OPP TATA AMANTRA, VILLAGE PIMPLAS (blank)",27AABCR1718E1ZP,HRKLOGIB2B
67ea521da198ac0a89b96f56,1036,ST-1003,Reliance Retail Limited-Online,441501,Nagpur,"Reliance Pharma DC, Logistic Park, Kh No 103, ,Mouza- Nimji, Tal: Kalmeshwar,,Nagpur (blank) (blank)",27AABCR1718E1ZP,HRKLOGIB2B
67ea521da198ac0a89b96f57,1036,ST-1004,Reliance Retail Limited-Online,421302,Bhiwandi,"RRL DC. Build No. GA, and GA 1, Gala 1 to 14, Survey No.78, Gr. Floor, C/o. Sumeet Logistics and Industries Park,Village Kukse,  (blank)",27AABCR1718E1ZP,HRKLOGIB2B
67ea521da198ac0a89b96f58,1036,ST-1005,Reliance Retail Limited-Online,,,  ,,HRKLOGIB2B
67ea521da198ac0a89b96f59,1039,ST-1001,Rush Beauty Mart Private Limited,421302,Bhiwandi,"DAMCO INDIA PVT. LTD, E - Building, RK Logi World, Yawai Villege,Next to Sawaya Dhaba,,Mumbai Nasik Highway, Maersk warehouse, (blank)",27AAMCR7010A1ZP,HRKLOGIB2B
67ea521da198ac0a89b96f5a,1039,ST-1002,Rush Beauty Mart Private Limited,400051,Mumbai,"Sterling Centre, Opp Cardinal Gracious High School, Bank of India,Building, Subhash Nagar, Bandra Ea (blank) (blank)",27AAMCR7010A1ZP,HRKLOGIB2B
67ea521da198ac0a89b96f5b,1040,ST-1001,Shoppers Stop Limited,380054,Ahmedabad,"0,ALPHA ONE MALL NEAR VASTRAPUR LAKE, NEAR VASTRAPUR LAKE, AHMEDABAD AHMEDABAD 380054 Gujarat IN (blank) (blank)",24AABCS4383A1ZR,HRKLOGIB2B
67ea521da198ac0a89b96f5c,1040,ST-1002,Shoppers Stop Limited,560300,Bengaluru,"11R 124,66,LEVEL 3,TERMINAL 2, BANGALORE, Karanataka  (blank) (blank)",29AABCS4383A1ZH,HRKLOGIB2B
67ea521da198ac0a89b96f5d,1040,ST-1003,Shoppers Stop Limited,110070,New Delhi,"147 SSL-VASANT KUNJ,NELSON MANDELA ROAD,,VASANT KUNJ NEW DELHI NEW DELHI (blank) (blank)",07AABCS4383A1ZN,HRKLOGIB2B
67ea521da198ac0a89b96f5e,1040,ST-1004,Shoppers Stop Limited,400070,Mumbai,"PHEONIX MARKET CITY MALL, L.B.S MARG, KURLA, Mumbai Suburban, Maharashtra (blank) (blank)",27AABCS4383A1ZL,HRKLOGIB2B
67ea521da198ac0a89b96f5f,1040,ST-1005,Shoppers Stop Limited,110017,New Delhi,"Plot No A-2A, Saket Palace Distt Centre, Mgf Metropoliton Saket, New Delhi (blank) (blank)",07AABCS4383A1ZN,HRKLOGIB2B
67ea521da198ac0a89b96f60,1041,ST-1001,Skandhanshi Retail Private Limited,560102,Bengaluru,"# 111, 27th Main road, Near by NIFT college, Sector 2, HSR layout,Bangalore, Karnataka (blank) (blank)",29ABHCS9210P1ZM,HRKLOGIB2B
67ea521da198ac0a89b96f61,1041,ST-1002,Skandhanshi Retail Private Limited,500084,Hyderabad,"# 1474, Sy # 78-93, Raja Rajeshwar nagar, Kondapur, ,Hyderabad, Telangana, (blank) (blank)",36ABHCS9210P1ZR,HRKLOGIB2B
67ea521da198ac0a89b96f62,1041,ST-1003,Skandhanshi Retail Private Limited,560001,Bengaluru,"# 29, Ground Floor, Commercial Street,Bangalore (blank) (blank)",29ABHCS9210P1ZM,HRKLOGIB2B
67ea521da198ac0a89b96f63,1041,ST-1004,Skandhanshi Retail Private Limited,560078,Bengaluru,"# 473, Ground floor, Swathi towers, RBI layout, JP Nagar 7th Phase, Bangalore,Bangalore (blank) (blank)",29ABHCS9210P1ZM,HRKLOGIB2B
67ea521da198ac0a89b96f64,1041,ST-1005,Skandhanshi Retail Private Limited,560068,Bengaluru,"#35, Viva Corner, DLF New Township Road, Nyanapana Halli, Begur Hobli,,Bangalore (blank) (blank)",29ABHCS9210P1ZM,HRKLOGIB2B
67ea521da198ac0a89b96f65,1041,ST-1006,Skandhanshi Retail Private Limited,673007,CALICUT,"24/826 A, Calicut,PO Mankav PB NO 1240, CALICUT, Kerala,,CALICUT (blank) (blank)",32ABHCS9210P1ZZ,HRKLOGIB2B
67ea521da198ac0a89b96f66,1041,ST-1007,Skandhanshi Retail Private Limited,560032,Bengaluru,"3/1, Ground Floor, P&T Colony, RT Nagar, Bengaluru,Bengaluru (blank) (blank)",29ABHCS9210P1ZM,HRKLOGIB2B
67ea521da198ac0a89b96f67,1041,ST-1008,Skandhanshi Retail Private Limited,500039,Hyderabad,"B&N DSL Virtue Mall, UGF-21, IDA Uppal, Hyderabad,Hyderabad (blank) (blank)",36ABHCS9210P1ZR,HRKLOGIB2B
67ea521da198ac0a89b96f68,1041,ST-1009,Skandhanshi Retail Private Limited,600040,Chennai,"B&N VR CHENNAI No 44# G-30,Pillaiyar Koil Street, Chennai, Tamil Nadu,Chennai, Tamil Nadu (blank) (blank)",33ABHCS9210P1ZX,HRKLOGIB2B
67ea521da198ac0a89b96f69,1041,ST-1010,Skandhanshi Retail Private Limited,500072,Hyderabad,"Beaure&Nutrie, Nexus Hyderabad Mall, Ground Floor, Unit No. GF – 16, Sy. No. 1009, KPHB Colony, Kukatpally, Medchal (Malkajgiri),Hyderabad (blank)",36ABHCS9210P1ZR,HRKLOGIB2B
67ea521da198ac0a89b96f6a,1041,ST-1011,Skandhanshi Retail Private Limited,500108,Hyderabad,"Beaure&Nutrie, Unit No- Retail 03,Retail village car park, Level ‘C’, Rajiv Gandhi International Airport, Shamshabad,Hyderabad (blank)",36ABHCS9210P1ZR,HRKLOGIB2B
67ea521da198ac0a89b96f6b,1041,ST-1012,Skandhanshi Retail Private Limited,560064,Bengaluru,"Beaute & Nutrie, No. UG-17,The Galleira Mall, Yalahanka, Bangalore, Karnataka (blank) (blank)",29ABHCS9210P1ZM,HRKLOGIB2B
67ea521da198ac0a89b96f6c,1041,ST-1013,Skandhanshi Retail Private Limited,,,  ,,HRKLOGIB2B
67ea521da198ac0a89b96f6d,1041,ST-1014,Skandhanshi Retail Private Limited,560068,Bengaluru,"Beauty&Beyond, # 147, 5 TH Main, 7 TH Sector, 80 Feet Road, HSR Layout, Next to Global Traders G2 Store,Bangalore (blank)",29ABHCS9210P1ZM,HRKLOGIB2B
67ea521da198ac0a89b96f6e,1041,ST-1015,Skandhanshi Retail Private Limited,500072,Hyderabad,"Beauty&Beyond, Nexus Hyderabad Mall, Ground Floor, Unit No. GF – 16, Sy. No. 1009, KPHB Colony, Kukatpally, Medchal (Malkajgiri), (blank)",36ABHCS9210P1ZR,HRKLOGIB2B
67ea521da198ac0a89b96f6f,1041,ST-1016,Skandhanshi Retail Private Limited,500032,Hyderabad,"Beauty&Beyond, Unit 101/ Flat No.11, 1st Floor, Jayabheri Enclave, Gachibowli, Hyderabad, Telangana- (blank) (blank)",36ABHCS9210P1ZR,HRKLOGIB2B
67ea521da198ac0a89b96f70,1041,ST-1017,Skandhanshi Retail Private Limited,500072,Hyderabad,"Beauty&Beyond,UNIT NO GF - 16, KPHB Colony, Malkajgiri District, ,Hyderabad (blank) (blank)",36ABHCS9210P1ZR,HRKLOGIB2B
67ea521da198ac0a89b96f71,1041,ST-1018,Skandhanshi Retail Private Limited,560043,Bengaluru,"FLAT NO F1 & F2, 2075/2. 4th Cross, 2nd Stage, BDA Layout,,BENGALURU (blank) (blank)",29ABHCS9210P1ZM,HRKLOGIB2B
67ea521da198ac0a89b96f72,1041,ST-1019,Skandhanshi Retail Private Limited,500084,Hyderabad,"GF 115-116, Sarath city capital Mall, Gatchibowli,,Hyderabad, Telangana (blank) (blank)",36ABHCS9210P1ZR,HRKLOGIB2B
67ea521da198ac0a89b96f73,1041,ST-1020,Skandhanshi Retail Private Limited,500049,Hyderabad,"GSM MALL, Survey No. 99 Part A and 100 Part, 6th Floor, Madinaguda, Miyapur, Hyderabad,Hyderabad (blank) (blank)",36ABHCS9210P1ZR,HRKLOGIB2B
67ea521da198ac0a89b96f74,1041,ST-1021,Skandhanshi Retail Private Limited,560095,Bengaluru,"H.NO 145, KHB Colony,5th Block,Ward No 67, Koramangala,,Bangalore (blank) (blank)",29ABHCS9210P1ZM,HRKLOGIB2B
67ea521da198ac0a89b96f75,1041,ST-1022,Skandhanshi Retail Private Limited,500072,Hyderabad,"Lulu International Shopping Mall(P) Ltd, Unit No LG-04, Lower Ground Floor,Survey No 1050, KPHB 3rd Phase, Kukatpally, Balanagar Mandal,Hyderabad (blank)",36ABHCS9210P1ZR,HRKLOGIB2B
67ea521da198ac0a89b96f76,1041,ST-1023,Skandhanshi Retail Private Limited,500090,Hyderabad,"No 1523, Bajranj towers, Near dollar hills kamaan, Opp to JNTU, Pragathinagar, Kukkatpalli, (blank) (blank)",36ABHCS9210P1ZR,HRKLOGIB2B
67ea521da198ac0a89b96f77,1041,ST-1024,Skandhanshi Retail Private Limited,560055,Bengaluru,"No 6, 1st Floor, Orion Gateway Mall, Rajajinagar,Bangalore (blank) (blank)",29ABHCS9210P1ZM,HRKLOGIB2B
67ea521da198ac0a89b96f78,1041,ST-1025,Skandhanshi Retail Private Limited,560033,Bengaluru,"No, G-09, Orion Avenue Mall, Banasawadi main road, Jai bharath nagar,,Bangalore, Karnataka (blank) (blank)",29ABHCS9210P1ZM,HRKLOGIB2B
67ea521da198ac0a89b96f79,1041,ST-1026,Skandhanshi Retail Private Limited,500062,Hyderabad,"No. – 11 & 26, Ground Floor, Somaiah Towers, AS Rao Nagar,,Hyderabad (blank) (blank)",36ABHCS9210P1ZR,HRKLOGIB2B
67ea521da198ac0a89b96f7a,1041,ST-1027,Skandhanshi Retail Private Limited,560068,Bengaluru,"No. 147, Khata no 470, Ground floor, 5th Main Road,  (blank) (blank)",29ABHCS9210P1ZM,HRKLOGIB2B
67ea521da198ac0a89b96f7b,1041,ST-1028,Skandhanshi Retail Private Limited,500084,Hyderabad,"Q Mart, Sreshta Marvel, Gachibowli-Miyapur Road, P Janardhan Reddy Nagar, Gachibowli,Hyderabad (blank) (blank)",36ABHCS9210P1ZR,HRKLOGIB2B
67ea521da198ac0a89b96f7c,1041,ST-1029,Skandhanshi Retail Private Limited,560068,Bengaluru,"RO-Bangalore, No. 147, Khata no 470, Ground floor, 5th Main Road, 7th Sector, HSR Layout,,Bangalore, (blank) (blank)",29ABHCS9210P1ZM,HRKLOGIB2B
67ea521da198ac0a89b96f7d,1041,ST-1030,Skandhanshi Retail Private Limited,560098,Bengaluru,"shop No-G8, Gopalan Arcade Mall, No.447/ 18/2, Raja Rajeshwari Nagar, Mysore Road,,Bengaluru (blank) (blank)",29ABHCS9210P1ZM,HRKLOGIB2B
67ea521da198ac0a89b96f7e,1041,ST-1031,Skandhanshi Retail Private Limited,695029,Thiruvananthapuram,"TC 91/270(2),TC 91/270(2) Anayara Post, Thiruvananthapuram, Kerala, India,Thiruvananthapuram (blank) (blank)",32ABHCS9210P1ZZ,HRKLOGIB2B
67ea521da198ac0a89b96f7f,1041,ST-1032,Skandhanshi Retail Private Limited,500067,Hyderabad,"Unit no 11 and 12, Rai Chandani Mall, Pet Basheerabad Village, Quthbullapur Mandal,,Malkajgiri (blank) (blank)",36ABHCS9210P1ZR,HRKLOGIB2B
67ea521da198ac0a89b96f80,1041,ST-1033,Skandhanshi Retail Private Limited,600026,Chennai,"Unit NO LG-03B, 183 SK SALAI, ARCOT ROAD,VADAPALANI, Chennai ,Chennai (blank) (blank)",33ABHCS9210P1ZX,HRKLOGIB2B
67ea521da198ac0a89b96f81,1041,ST-1034,Skandhanshi Retail Private Limited,600026,Chennai,"Unit NO LG-03B,183 SK SALAI, ARCOT ROAD (blank) (blank)",33ABHCS9210P1ZX,HRKLOGIB2B
67ea521da198ac0a89b96f82,1041,ST-1035,Skandhanshi Retail Private Limited,600042,Chennai,"Unit No UG-35, Ground Floor, No 142, CHENNAI, Tamil Nadu, 600042 (blank) (blank)",33ABHCS9210P1ZX,HNCRB2B
67ea521da198ac0a89b96f83,1042,ST-1001,Superwell Comtrade Private Limited,122105,Gurugram,"22/2, 23/1, 23/3, 24/1, Village Gudhi, Tehsil Taoru, Khasra No. 18//25/2, 29//5/1/1 min 19//12/1 12/2 13/1/1, 18/1, 18/2, 19/1, 19/2, 19/3, 19/4, 20, 21/1, 21/2, 22/1,, Village Gudhi, Taoru, Mewat,",06ABHCS8002R1ZU,HNCRB2B
67ea521da198ac0a89b96f84,1042,ST-1002,Superwell Comtrade Private Limited,227101,Lucknow,"Amarjeet Fabrication, Khasra No. 1479, Gulab Kheda, Kurauni,,Bijnaur Road, Lucknow,,Near Banthra Thana (blank)",09ABHCS8002R1ZO,HNCRB2B
67ea521da198ac0a89b96f85,1042,ST-1003,Superwell Comtrade Private Limited,201306,Noida,"Central Warehouse, Plot No. 2-C, Udyog Kendra, Ecotech-03, Greater Noida, Greater Noida (blank) (blank)",09ABHCS8002R1ZO,HNCRB2B
67ea521da198ac0a89b96f86,1042,ST-1004,Superwell Comtrade Private Limited,201306,Noida,"Central Warehouse, Plot No. 2-C, Udyog Kendra,Ecotech-03, Greater Noida (blank) (blank)",09ABHCS8002R1ZO,HRKLOGIB2B
67ea521da198ac0a89b96f87,1042,ST-1005,Superwell Comtrade Private Limited,302037,Jaipur,"DTA-01-12, DTA PHASE II, ,Sanganer, MAHINDRA WORLDCITY, SEZ, Jaipur (blank) (blank)",08ABHCS8002R1ZQ,HNCRB2B
67ea521da198ac0a89b96f88,1042,ST-1006,Superwell Comtrade Private Limited,,,  ,,HNCRB2B
67ea521da198ac0a89b96f89,1042,ST-1007,Superwell Comtrade Private Limited,201015,Ghaziabad,"KH No 11K, Khata No 554, KH No 12 Khata No 1193, KH No 13MI, Khata No 672, KH No 13MI, Khata No 239, KH No 13MI and KH No 11KH, Khata No 1060 and KH No 13MI, Gulaothi Masuri Road, Gram Galand,,Mussoorie Gulawathi Road Industrial Area, Hapur",09ABHCS8002R1ZO,HRKLOGIB2B
67ea521da198ac0a89b96f8a,1042,ST-1008,Superwell Comtrade Private Limited,303704,Jaipur,"Kh No 440/688, 441,442,443, Main Sikar Road, Village Motu ka Bas,,Tehsil Amer (blank) (blank)",08ABHCS8002R1ZQ,HNCRB2B
67ea521da198ac0a89b96f8b,1042,ST-1009,Superwell Comtrade Private Limited,245304,Hapur,"KH.222,223,226T0230,238,243M,244TO248, 2520254,347,Vill.-Bhovapur, Reliance Road, Tehsil- Dhaulana, (blank) (blank)",09ABHCS8002R1ZO,HNCRB2B
67ea521da198ac0a89b96f8c,1042,ST-1010,Superwell Comtrade Private Limited,140417,Patiala,"Khasra No 83, 84/1, 84/2, 85, 86, 87/1, 87/2, 90/2, 91, 92, Erisha ,Infratech, Vill Shambhu Khurd, ,Tehsil Rajpura, Patiala-3 (Rajpura, Ghanor), (blank)",03ABHCS8002R1Z0,HNCRB2B
67ea521da198ac0a89b96f8d,1042,ST-1011,Superwell Comtrade Private Limited,248005,Dehradun,"Khasra No. 274 Gha and 277 Cha Kuanwala,,PO Harrawala, Dehradun Nagar Nigam (blank) (blank)",05ABHCS8002R1ZW,HNCRB2B
67ea521da198ac0a89b96f8e,1042,ST-1012,Superwell Comtrade Private Limited,141120,Ludhiana,"Kohara Road Sahnewal, Block 1, Samra Logistics Park, Samra Logistics,,Grand Trunk Road, Sahnewal, (blank) (blank)",03ABHCS8002R1Z0,HNCRB2B
67ea521da198ac0a89b96f8f,1042,ST-1013,Superwell Comtrade Private Limited,226010,Lucknow,"Lucknow L4 ,Khasra no 1479 Gulab khera, Kurauni Bijnaur Road,Lucknow (blank) (blank)",09ABHCS8002R1ZO,HNCRB2B
67ea521da198ac0a89b96f90,1042,ST-1014,Superwell Comtrade Private Limited,221307,Varanasi,"MADHAVAN WAREHOUSING LLP,Survey No. 753,,Pargana – Kaswar Raja Tehsil- Rajatalab, Khajuri, (blank) (blank)",09ABHCS8002R1ZO,HNCRB2B
67ea521da198ac0a89b96f91,1042,ST-1015,Superwell Comtrade Private Limited,122506,Gurugram,"New Farrukhnagar, Khasra Nos. 123//16/2 and 17/1/2 and Khasra Nos. 124//1/1, 1/2, 1/3, 2, 9/1, 9/2, 10, 11/1, 11/2, 12, 19, 20/1 and 20/2 totalling 68 Kanal and 16 Marla area located in Mubarakpur,,Farukhnagar, Gurugram",06ABHCS8002R1ZU,HNCRB2B
67ea521da198ac0a89b96f92,1042,ST-1016,Superwell Comtrade Private Limited,141010,Ludhiana,"No-1838 Plot No,B-3 to B-8 & A4,,Located at focal point,,Ludhiana (blank) (blank)",03ABHCS8002R1Z0,HNCRB2B
67ea521da198ac0a89b96f93,1042,ST-1017,Superwell Comtrade Private Limited,226401,Lucknow,"Opposite Memora Airforce Station, ,Junabganj to Mohanlalganj Road, Lucknow (blank) (blank)",09ABHCS8002R1ZO,HNCRB2B
67ea521da198ac0a89b96f94,1042,ST-1018,Superwell Comtrade Private Limited,131001,Sonipat,"Shed A,A FF,B C, Musthil 41, Khasra No.26//23,41//1/2, min,2/2,3/1/13/1/2,3/2,4/1,4/2,7,8,9 42//5/2, NH-1, NH-1, ,Village Kumaspur (blank)",06ABHCS8002R1ZU,HRKLOGIB2B
67ea521da198ac0a89b96f95,1043,ST-1001,Tata 1Mg Healthcare Solutions Private Limited-Retail,122004,Gurugram,"Ground Floor, Khata No- 15/19, Rectangle No-05, Killa No-6/2 6- 16, 7 8-0, Khewat/khata No- 44/54, Rectangle No-05, Kila No-14 8-0, 15/1 6-16, Revenue Estate,Village- Behrampur",06AAFCD7691C1ZN,HRKLOGIB2B
67ea521da198ac0a89b96f96,1043,ST-1002,Tata 1Mg Healthcare Solutions Private Limited-Retail,122001,Gurugram,"HAFED WAREHOUSE COMPLEX , FIRST FLOOR, BLOCK III NEW ANAJ MANDI , KHANDSA ROAD,,Gurugram (blank) (blank)",06AAFCD7691C1ZN,HRKLOGIB2B
67ea521da198ac0a89b96f97,1043,ST-1003,Tata 1Mg Healthcare Solutions Private Limited-Retail,400706,Navi Mumbai,"PLOT NO. D-141, 3RD FLOOR, T.T.C. INDUSTRIAL AREA, M.I.D.C.VILLAGE SHIRAVANE,Navi Mumbai (blank) (blank)",27AAFCD7691C1ZJ,HRKLOGIB2B
67ea521da198ac0a89b96f98,1043,ST-1004,Tata 1Mg Healthcare Solutions Private Limited-Retail,711302,Kolkata,"PS SANKRALI PLOT NO 701 TO 708 AND 710 TO 732, GROUND FLOOR, FIRST FLOOR SANDIPUR ,PO JAYANAGAR, HOWRAH (blank)",19AAFCD7691C1ZG,HRKLOGIB2B
67ea521da198ac0a89b96f99,1043,ST-1005,Tata 1Mg Healthcare Solutions Private Limited-Retail,562162,Bengaluru,"Survey No 75, Makali Post, Madanayakanahalli,Dasanpura,Ground and First Floor, Hobli,Nelamangala,,Dasanapura (blank)",29AAFCD7691C1ZF,HRKLOGIB2B
67ea521da198ac0a89b96f9a,1043,ST-1006,Tata 1Mg Healthcare Solutions Private Limited-Retail,201301,Noida,"TATA 1MG HEALTHCARE SOLUTIONS PVT. LTD,WH-004, Sector-67, Gautam Buddha Nagar,Noida, Uttar Pradesh (blank) (blank)",09AAFCD7691C1ZH,HRKLOGIB2B
67ea521da198ac0a89b96f9b,1043,ST-1007,Tata 1Mg Healthcare Solutions Private Limited-Retail,201301,Noida,"WH-004, Sector-67, Noida, Gautam Buddha Nagar ,Noida,,Noida (blank) (blank)",09AAFCD7691C1ZH,HRKLOGIB2B
67ea521da198ac0a89b96f9c,1047,ST-1001,Tata Unistore Limited-Retail,421101,Thane,"Palette Stores WH (PS01), Yusen Bhiwandi, Warehouse number 2, BGR Complex, Navi Mumbai- Thane,,Thane (blank) (blank)",27AACCT7290E1Z7,HRKLOGIB2B
67ea521da198ac0a89b96f9d,1047,ST-1002,Tata Unistore Limited-Retail,421302,Bhiwandi,"TATA UNISTORE LIMITED Survey no 2 BGR Complex village Vahuli Padgha, Yusen logistics pvt ltd ,,Mumbai Nashik Highway, Post Padga Bhiwandi , (blank)",27AACCT7290E1Z7,HRKLOGIB2B
67ea521da198ac0a89b96f9e,1051,ST-1001,India Retail & Hospitality Private Limited,403512,Goa,"Sentidos DSR 05, Domestics Departure SHA,GMR Goa International Ariport,,Vasco Da Gama, South, Goa (blank) (blank)",30AATCS9781N1ZD,HRKLOGIB2B
67ea521da198ac0a89b96f9f,1068,ST-1001,"KATHIAWAR STORES, ABIDS",500001,Hyderabad,"Kathiawar Store, Main Road, Abids, Hyderabad, Telangana,Hyderabad,Telangana (blank) (blank)",36AAGFK8159E1Z5,HRKLOGIB2B
67ea521da198ac0a89b96fa0,1069,ST-1001,"KATHIAWAR STORES, JUBILEE HILLS",500003,Secunderabad,"Kathiawar Stores Corporate Office, 1-20-253,Survey No 13/2, LANE OPPOSITE GATI TRANSPORT HUB RASOOLPURA , (blank)",36AAMFK6654J1ZS,HRKLOGIB2B
67ea521da198ac0a89b96fa1,1078,ST-1001,NOBLE MEDICHEM PRIVATE LIMITED,,,  ,,HRKLOGIB2B
67ea521da198ac0a89b96fa2,1078,ST-1002,NOBLE MEDICHEM PRIVATE LIMITED,400104,Mumbai,"Tenement No.2/7, Ground & First Floor, Motilal Nagar No.1, Goregaon (W), Mumbai ,Mumbai (blank) (blank)",27AACCM5010D1Z2,HRKLOGIB2B
